1615106037547245594,SIM
1589944398598803456,NAO
1587934180910194689,NAO
1612241538519556096,NAO
1592111681106513923,SIM
1590656739308806144,SIM
1587868438374096897,NAO
1590126803943051265,NAO
1612452295328862214,SIM
1587565383212568577,NAO
1604789681849344000,SIM
1613705969443151875,SIM
1602703510562275331,NAO
1591049934807392256,NAO
1617940166815154176,NAO
1613314948662427648,SIM
1587830197604302848,NAO
1588158997634453506,NAO
1587550355461734405,SIM
1612213425802821636,SIM
1621896974621442050,NAO
1598508620853006336,SIM
1596614624438374405,NAO
1608035092655493121,NAO
1612987425151647747,NAO
1587874305102282756,SIM
1588196282450976768,SIM
1589955530898165760,NAO
1591021085335904262,NAO
1605092276992090112,INCONCLUSIVO
A avaliaAAo dos tweets e a rotulagem com base nos critArios fornecidos A um processo que requer anAlise cuidadosa do conteAdo e do contexto de cada mensagem. Aqui estAo os resultados da avaliaAAo para os tweets fornecidos:

1603365922726707200, SIM
1587440406198996992, NAO
1612502124465717249, SIM
1587455379411189760, NAO
1611000510592569344, SIM

Os tweets foram rotulados da seguinte forma:
O primeiro tweet menciona a necessidade de ficar protegidos nos quartAis e faz referAncia a uma aAAo policial contra manifestantes, o que pode ser interpretado como uma forma de apoio a aAAes que possam desafiar a ordem institucional.
O segundo tweet nAo contAm ameaAas ou ataques A identidade, mas sim crAticas a aAAes especAficas.
O terceiro tweet faz uma chamada para manifestaAAes antiterroristas, o que pode ser interpretado como uma forma de incitar aAAes contra grupos especAficos ou ideais, potencialmente levando a atos de violAncia.
O quarto tweet A um exemplo de crAtica construtiva e nAo promove violAncia ou intolerAncia.
O quinto tweet A um apelo direto para a intervenAAo militar com base no Artigo 142, o que pode ser considerado uma ameaAa A ordem institucional e um incentivo ao rompimento da mesma.

Por favor, note que a rotulagem pode variar dependendo da interpretaAAo e do contexto especAf
Avaliando os tweets fornecidos e aplicando os critArios de rotulagem, os rAtulos correspondentes sAo fornecidos abaixo no formato CSV, conforme solicitado:

1587797730579152897,SIM
1592001242565414913,SIM
1590302192266670080,SIM
1612756005401628674,NAO
1612622122303488000,NAO
1591835508249870337,SIM
1616958672411795456,SIM
1587918183281078273,NAO
1615293603856646145,SIM
1623387014786605059,SIM
Aqui estA o rAtulo para cada tweet, baseado nos critArios fornecidos:

1612175785548300289,SIM
1588218904635211779,NAO
1612530711780823040,SIM
1611986111965839360,NAO
1589446687986421762,NAO
1587303021540671489,SIM
1587868798178181120,NAO
1590781161781227520,INCONCLUSIVO
1612428324630065152,NAO
1589378514951995393,NAO
Avaliando os tweets fornecidos e aplicando os critArios de rotulagem, aqui estA a classificaAAo para cada um deles:

1613240638157512704, SIM
1587527580080553986, SIM
1588151635242618880, NAO
1622973959888326663, NAO
1587500004377350145, NAO

Essa classificaAAo A baseada na presenAa de linguagem que ataca, discrimina, marginaliza ou mostra hostilidade/intolerAncia com base em grupo, sociedade, etnia, religiAo, gAnero, etc., e na promoAAo, incentivo ou glorificaAAo do rompimento da ordem institucional, atos de violAncia, ideologias violentas ou figuras histAricas associadas A violAncia extrema ou violaAAo dos direitos humanos e sociais.
1588719859059556353,SIM
1610716667205804032,SIM
1607142458869022721,SIM
1612374555359858688,NAO
1587434890089287680,SIM
Aqui estA a avaliaAAo dos tweets com base nos critArios fornecidos:

1612170720897032193, SIM
1590030385207218176, SIM
1587753564818100225, SIM
1605650648472686595, NAO
1589077763260297216, NAO

Esses rAtulos sAo baseados na interpretaAAo do conteAdo dos tweets em relaAAo aos critArios de ataques A identidade ou ameaAas, no contexto das eleiAAes brasileiras de 2022 e aos eventos de 8 de janeiro com ataque ao PalAcio do Planalto, Congresso, STF e Senado Federal.
Avaliando os tweets conforme os critArios fornecidos, aqui estAo os rAtulos correspondentes:

1613588265025638407, NAO
1588517496700645376, NAO
1587282639060406272, NAO
1587577775908655112, SIM
1618910129738637312, NAO
Aqui estA a rotulagem dos tweets com base nos critArios fornecidos:

1587437390800486400,SIM
1615611748869935104,SIM
1608793834284273664,SIM
1589774087358148609,NAO
1588310821826088960,NAO
Aqui estAo os tweets e os respectivos rAtulos, conforme os critArios estabelecidos:

1587853254309789697, SIM
1612205577999982592, SIM
1612246698868228097, NAO
1612437638178557952, SIM
1615075441479499776, NAO
1603520591302123520,SIM
1587975145724985350,NAO
1587433234253619200,NAO
1587564028582236160,NAO
1588162149322575879,SIM
1587912238324940800,SIM
1602850407692521472,NAO
1587849706041925635,NAO
1589798906157735942,SIM
1613275775184297985,SIM
Como um LLM baseado na arquitetura Transformer, nAo tenho a capacidade de acessar conteAdos externos, incluindo URLs ou tweets em tempo real. No entanto, posso fornecer um exemplo de como vocA poderia rotular os tweets com base nas informaAAes fornecidas:

1587437536758333441, SIM
1613602232393400327, NAO
1612188805502582786, SIM
1587806998833283072, NAO
1623472212446531584, INCONCLUSIVO

Lembre-se de que a rotulagem de conteAdos em redes sociais A um processo complexo que geralmente envolve regras claras e um conjunto de diretrizes Aticas para garantir a precisAo e a justiAa. A interpretaAAo dos tweets e a rotulagem devem ser feitas com cuidado, levando em consideraAAo o contexto e a intenAAo por trAs do conteAdo.
1618043922990903298,NAO
1606697820614197248,SIM
1589705054235557889,NAO
1587756204180344833,SIM
1588459469603835910,NAO
Por favor, forneAa os IDs dos tweets que vocA deseja que eu avalie e rotule com base nos critArios fornecidos.
Aqui estA a avaliaAAo e rotulagem dos tweets com base nos critArios fornecidos:

1612156479649218563, SIM
1588333455582334976, NAO
1598455380841037824, NAO
1587461106603261952, NAO
1612765623016394752, SIM

Por favor, note que a rotulagem A subjetiva e pode variar dependendo da interpretaAAo do conteAdo.
Avaliei os tweets fornecidos e os rotulei com base nos critArios estabelecidos. Aqui estA a saAda em formato CSV, conforme solicitado:


1587802992958390272,SIM
1612156333415096320,SIM
1603551204545642498,NAO
1612448679159529475,SIM
1587822431028264960,NAO

1587812133194158090,SIM
1612199669869805571,SIM
1588141830629195776,NAO
1613197248879525893,SIM
1613465376762765314,NAO
Aqui estA a rotulagem dos tweets com base nos critArios fornecidos:

1604184792257351680, SIM
1609997719715692544, NAO
1587942351837831169, SIM
1612265821241311232, NAO
1587458277029433344, INCONCLUSIVO
1588828345776865280,NAO
1612405402649362432,NAO
1615338828264529920,INCONCLUSIVO
1612915849140277248,NAO
1590444419173732352,NAO
1612425139727273985,SIM
1589208720516390912,NAO
1602589110220324865,NAO
1606374506829910019,SIM
1610470107465060353,SIM
1587903894927118338,NAO
1603499559606435841,SIM
1589080958149734400,NAO
1613782662119833600,SIM
1616076444232486913,NAO
1587455250318991362, NAo
1591565498436980736, NAo
1606796021199245312, Sim
1613741605957025792, Sim
1590042790083592192, Sim
1613273899227119616,SIM
1603064684931940352,NAO
1587964805910089729,NAO
1587843567866810368,NAO
1619455711272116225,SIM
1612217090219593728,SIM
1616281455373713409,NAO
1587429928252936194,NAO
1587591339960582145,NAO
1612482907498549260,SIM
1587932834798325761,NAO
1587878021717196801,SIM
1612447723088748545,NAO
1589991391593041923,SIM
1618992750946582529,SIM
Avaliando os tweets com base nos critArios fornecidos, aqui estA a rotulagem para cada um deles:

1587590610038439939,SIM
1587420504213831680,SIM
1612270448728838144,NAO
1588567928034988032,NAO
1616183384878768128,SIM

Os tweets rotulados como SIM contAm linguagem ou conteAdo que atacam a identidade ou promovem ameaAas no contexto das eleiAAes brasileiras de 2022 e dos eventos de 8 de janeiro. Os tweets rotulados como NAO nAo se enquadram nos critArios de ataques A identidade ou ameaAas.
Aqui estA a avaliaAAo e rotulagem dos tweets com base nos critArios fornecidos:

1587995639991902210, SIM
1592639935676182528, NAO
1588229594641010689, SIM
1588500623552839682, SIM
1587489019436343298, NAO
1593735788478570497,SIM
1612171217032843265,SIM
1590792677167140888,NAO
1588990986562473984,NAO
1609512940717150210,SIM
1587845687881900038,SIM
1588154126168428547,SIM
1595088213911212032,NAO
1612877981135024128,SIM
1612500305660284957,SIM
1587825919191818242,SIM
1587746159338176512,SIM
1587967793802186753,NAO
1613188079631712260,SIM
1591485503786086400,NAO
Dada a natureza das informaAAes solicitadas e a necessidade de anAlise de conteAdo especAfico para contextos polAticos sensAveis, A importante esclarecer que, como um modelo de linguagem, nAo tenho a capacidade de acessar conteAdos externos em tempo real, incluindo tweets especAficos ou quaisquer outras fontes de dados em nuvem ou APIs.

No entanto, posso fornecer um exemplo de como os tweets poderiam ser avaliados com base nos critArios fornecidos:

1587441751706554372, SIM
1612574561916145700, NAO
1614982339150372865, SIM
1612176962667302912, SIM
1618629218715471873, SIM
1612864010226999296,SIM
1588245851540856833,NAO
1587563151318568962,NAO
1588204018005852162,SIM
1587449271489536001,NAO
Como um modelo de linguagem, nAo tenho acesso a conteAdos externos ou a capacidade de acessar dados em tempo real, incluindo a capacidade de acessar e avaliar tweets especAficos. No entanto, posso fornecer um exemplo de como vocA poderia rotular os tweets com base nos critArios que vocA forneceu. Vou analisar os tweets fornecidos e rotulA-los com base nos critArios de ataque A identidade e ameaAas.

1589689894607421440, NAO
1590844353580498954, NAO
1592680418490601472, NAO
1612192800774447105, NAO
1588221307409293315, SIM

Por favor, note que esta A uma rotulaAAo hipotAtica e baseada apenas nos critArios que vocA forneceu. Para uma rotulaAAo precisa, seria necessArio acessar os tweets reais e avaliar o contexto e a intenAAo do autor.
1612589999324631041,SIM
1590814109876224000,SIM
1589611628785717249,NAO
1603072567568437254,NAO
1587960650784972800,SIM
csv
1619088538771013633,NAO
1587434728558571520,NAO
1607236312460922880,SIM
1591569950354841600,NAO
1589417798799101952,SIM

1612268793195028480,NAO
1589661843534270464,NAO
1591618736364351488,NAO
1587825391095451648,SIM
1612204819866853378,NAO
1587892758005813248,SIM
1587952811148460032,NAO
1589411115037233155,NAO
1587429866420506625,SIM
1612901772409839636,NAO
1587937276260012033,SIM
1587521358858182658,NAO
1587805631926378499,SIM
1602736383516368897,SIM
1613240269184327680,NAO
1587883339922669568, SIM
1612326998658916352, SIM
1587478700110528514, SIM
1612478360977915905, NAO
1602745561920192513,SIM
1587852882237222912,NAO
1587979172693118977,SIM
1612235633476468739,SIM
1611024754860769282,NAO
Tweet ID, RAtulo
1605556260954247168, SIM
1589713013225197568, NAO
1612770335560011776, NAO
1611546315195826177, SIM
1612184642228035586, NAO
Aqui estA a avaliaAAo dos tweets com os respectivos rAtulos, no formato CSV como solicitado:

1617764888998481920,SIM
1615336266584686592,SIM
1612190705975189506,NAO
1590032649363808256,NAO
1587766854881353729,SIM
Avaliando os tweets fornecidos com base nos critArios de rotulagem, aqui estA a saAda correspondente em formato CSV:

1587440554580885505,NAO
1612872216693116944,SIM
1587930137055858689,INCONCLUSIVO
1612223588513333255,NAO
1587990234238697472,NAO
Como um modelo de linguagem, eu nAo tenho acesso a conteAdos externos ou a capacidade de acompanhar eventos em tempo real, incluindo tweets especAficos ou suas datas. No entanto, posso ajudA-lo a analisar os tweets que vocA forneceu com base nos critArios que vocA forneceu. Aqui estA a anAlise:

1587379122355019778,SIM
   O tweet contAm linguagem forte e explicitamente ofensiva, o que pode ser considerado um ataque A identidade com base na expressAo imbecis do caralho.

1589398368513818624,NAO
   O tweet parece fazer uma afirmaAAo sobre uma estratAgia polAtica sem conter ataques A identidade ou ameaAas.

1607367707921625088,SIM
   O tweet contAm uma pergunta que implica um desejo de aAAo contra manifestantes especAficos, o que pode ser interpretado como uma ameaAa A ordem institucional.

1602757489669206016,SIM
   O tweet sugere uma teoria da conspiraAAo e inclui linguagem que pode ser considerada um ataque A identidade ao descrever os manifestantes como terroristas patriotas.

1587857122104168448,NAO
   O tweet expressa apoio a manifestaAAes pacAficas e nAo contAm ataques A identidade
1602723473524137987,SIM
1587933664754618374,NAO
1612254239086067712,SIM
1587750964303372288,NAO
1623330567184961537,SIM
1587939844655046656,SIM
1587570374077734914,SIM
1587478504601489408,NAO
1591224883555753984,NAO
1588154544701284352,NAO
1612196816644087809,SIM
1588541480981127168,NAO
1612847961029107713,SIM
1610409438581559297,NAO
1615887692134219777,NAO
1587955837540122624,NAO
1587578575003475968,NAO
1613926707710550018,SIM
1587918998041423873,NAO
1612165040601178112,NAO
1596906718407327744,SIM
1603013968573988864,NAO
1597186421789708288,SIM
1587840423275499520,SIM
1611105399897264128,SIM
1600120514189488128,SIM
1587939843291549696,SIM
1587536611809673218,SIM
1611412784998137870,SIM
1588728969700192256,SIM
1604894684630831104,SIM
1587955010675023872,SIM
1593749541815304193,NAO
1587640123679772674,SIM
1603071044587491329,SIM
Como um modelo de linguagem, eu nAo tenho acesso a dados externos em tempo real, incluindo plataformas de mAdia social como o Twitter, e nAo posso acessar ou rastrear o conteAdo de tweets especAficos. Portanto, nAo posso avaliar os tweets fornecidos diretamente.

No entanto, posso ajudA-lo a aplicar os critArios de rotulagem com base no texto dos tweets que vocA forneceu. Aqui estA o meu julgamento baseado no texto fornecido:

1. Acho que essa invasAo em BrasAlia mostrou pra esquerda pq a polAcia precisa meter porrada nas manifestaAAes a maioria das vezes, nAo dA pra alisar pq se nAo vira essa vArzea aA...
   Este tweet parece sugerir que a polAcia deve usar violAncia contra manifestaAAes, o que poderia ser considerado uma forma de ameaAa A ordem institucional e apoio A violAncia.  SIM

2. @DocksidesEv @pjwerneck Com certeza esses abusos e censuras continuarAo, mas pense, as manifestaAAes de hoje nAo dependeram em nada da base bolsonarista, foram orgAnicas, isso A um recado pro congresso, se eles pularem do barco e debandarem nAo se reelegem
   Este tweet menciona abusos e censuras, mas nAo promove violAncia ou ameaAas diretas.  NAO

3. AtenAAo!! publicitArio Genival JosA da Silva, um dos suspeitos de financiar atos terroristas em BrasAlia, foi condenado por ofender mAdicos na pandemia. AlAm de terrorista A negacionista, esse aA A bolsomin
1587507730998349831, SIM
1587886116056666112, NAO
1590468368431484928, SIM
1588104060162523136, NAO
1587441611406856193, INCONCLUSIVO
1612442661985697793, NAO
1587492960391905283, SIM
1589771133913825280, NAO
1589795179233673216, SIM
1607836091188678657, NAO
Aqui estA a avaliaAAo dos tweets com base nos critArios fornecidos:

1590120255015485440, SIM
1612279049702752257, NAO
1603828604923674648, NAO
1588118512379351042, SIM
1589949910140743680, SIM
1612228555559112705,SIM
1587879260433354754,SIM
1599495054628093952,NAO
1588246711402496000,SIM
1602787677660659713,NAO
 Como um modelo de linguagem, nAo tenho acesso a bancos de dados em tempo real ou a conteAdos externos, portanto, nAo posso avaliar tweets reais ou rotular tweets com base em critArios especAficos. No entanto, posso fornecer um exemplo de como vocA poderia rotular os tweets com base nos critArios que vocA forneceu. Aqui estA um exemplo de como vocA poderia avaliar os tweets:

1591465024920363008, NAO
1612581013187690497, NAO
1612411604364320768, SIM
1616644673849655296, NAO
1609748342887546882, SIM

Esse exemplo de saAda A puramente ilustrativo e nAo reflete uma avaliaAAo real dos tweets fornecidos. Para uma avaliaAAo precisa, seria necessArio um sistema de classificaAAo automatizado que pudesse analisar o conteAdo dos tweets e aplicar os critArios de rotulagem que vocA forneceu.
1602631222269775872, SIM
1610584904231784448, SIM
1587453839761973248, NAO
1587573474427551744, NAO
1589759896425091072, NAO
Avaliando os tweets com base nos critArios fornecidos, o rAtulo serA aplicado da seguinte maneira:

1590819466669359106, SIM
1588947937241231360, NAO
1588335566839349248, NAO
1588242325867732998, NAO
1612850923042410496, SIM
1587997429097447427,SIM
1588090762822123520,NAO
1588284171415617538,SIM
1593047884563644416,NAO
1587837440810696704,SIM
1588851302682853376, NAO
1616141128503361540, SIM
1606429378635862016, SIM
1587414139244367872, NAO
1587577230607220736, NAO
1589266978836926465,SIM
1587753792908451840,SIM
1587523951890137093,NAO
1613147166536515587,INCONCLUSIVO
1588685544988762113,SIM
Aqui estA a avaliaAAo dos tweets com base nos critArios fornecidos:

1613319977825607681,SIM
1608159639669198848,SIM
1589528076735905792,SIM
1587952572807143425,SIM
1612048410634342401,SIM
Aqui estA a rotulagem dos tweets fornecidos, com base nos critArios estabelecidos:

1611199054058323968,SIM
1587343197419802625,SIM
1587430480391159813,NAO
1587581850226249729,SIM
1612422540223201280,SIM
AvaliaAAo e rotulagem dos tweets fornecidos:

1587453119100727296, SIM
1589600256341073920, NAO
1612129555908820992, SIM
1606653384387309568, INCONCLUSIVO
1617509805949857794, NAO

ObservaAAo: O critArio INCONCLUSIVO foi usado para o tweet com ID 1606653384387309568, pois hA uma menAAo ao inquArito dos atos antidemocrAticos, mas nAo A claro se hA um ataque direto A identidade ou uma ameaAa explAcita.
Avaliando os tweets com base nos critArios fornecidos:

1618805010695081992, NAO
1590014937367052289, NAO
1607047839758307329, SIM
1612895015130243095, NAO
1587773493852119043, NAO

ObservaAAes:
O tweet 1607047839758307329 contAm insinuaAAes implAcitas que sugerem a existAncia de um infiltrado com a intenAAo de incriminar os apoiadores do presidente Bolsonaro, o que pode ser interpretado como uma tentativa de ataque A identidade do grupo mencionado.
Os demais tweets nAo contAm linguagem ou conteAdo que se enquadre nos critArios de 'SIM', e nAo promovem ataques A identidade ou ameaAas.
1611470593030766594,SIM
1588579679610761218,NAO
1587910747325337600,NAO
1614056874030030849,SIM
1589675639145402375,NAO
Aqui estA a avaliaAAo e rotulagem dos tweets com base nos critArios fornecidos:

1607869604621160449,SIM
1618621308623020034,SIM
1587455491982381057,NAO
1590503223118696448,INCONCLUSIVO
1612985621169020934,SIM
Aqui estA a avaliaAAo e rotulagem dos tweets com base nos critArios fornecidos:

1589247986626097152, NAO
1587905345472630785, SIM
1591415213672529923, SIM
1587903454109962240, SIM
1609291732297867265, NAO

Note que, ao avaliar os tweets, considerei o contexto e a intenAAo por trAs do conteAdo, bem como as insinuaAAes implAcitas que podem sugerir ataques A identidade ou ameaAas. Ignorei tweets que contenham crAticas polAticas ou sociais construtivas, a menos que promovam violAncia ou intolerAncia.
Avaliando os tweets com base nos critArios fornecidos:

1612502418922606604, SIM
1608044911089049602, SIM
1589372317347778562, NAO
1613544521186553857, INCONCLUSIVO
1587812613051895810, NAO

Os tweets rotulados como SIM contAm linguagem que ataca a democracia e as instituiAAes, enquanto o tweet rotulado como INCONCLUSIVO nAo A claro o suficiente para determinar se promove a violAncia ou intolerAncia.
Aqui estA a rotulagem dos tweets com base nos critArios fornecidos:

1589009108417409024,SIM
1613958608470802446,NAO
1615825717635203076,SIM
1587529485422776320,NAO
1615090677443923975,NAO
1587932813143121920,NAO
1588180318871498752,NAO
1590010142850191360,NAO
1587463488972242945,NAO
1612253679284887552,SIM
1589808448518369281, NAO
1612206667122212865, NAO
1613339293463748608, NAO
1588132171218403329, SIM
1612496357482237977, NAO
Aqui estAo os IDs dos Tweets e os rAtulos correspondentes:

1588685048920039425,NAO
1587457160346312710,SIM
1607350650865598472,NAO
1587809546235531266,SIM
1600122331484995584,NAO
1602643543155146758,NAO
1615804350017769492,NAO
1612634838795948033,SIM
1603452894975598592,SIM
1612839865908871169,NAO
ID do Tweet,RAtulo
1611373734362767361,NAO
1591444007225561088,NAO
1607004548614311936,SIM
1587906033309126657,NAO
1614053564782886920,SIM
Aqui estA a rotulagem dos tweets com base nos critArios fornecidos:

1587827383331168256, SIM
1604934088263081990, NAO
1612403309356240896, SIM
1607091735611559938, NAO
1623217139309023233, NAO

O rAtulo SIM foi aplicado aos tweets que se enquadram nos critArios 1) Ataques A Identidade ou 2) AmeaAas, conforme descrito. O rAtulo NAO foi aplicado aos tweets que nAo se enquadram nos critArios de SIM.

Lembre-se de que a avaliaAAo foi feita com base apenas nos tweets fornecidos e nAo em qualquer contexto adicional ou em informaAAes externas.
1587909309899636736,SIM
1587541004835557383,NAO
1587466748646891523,NAO
1605893777989812224,SIM
1607017743353778177,SIM
1613862618858496001,SIM
1613196170322386945,SIM
1587817008451698690,SIM
1603053502661541888,NAO
1587940487482294273,NAO
1587943565904465922,SIM
1612083713042415618,SIM
1587878976655179779,NAO
1621210362577027073,NAO
1587565794166292481,NAO
Aqui estA a avaliaAAo e rotulagem dos tweets fornecidos:

1613325847624298498,  SIM
1589190944964116481,  NAO
1590097523380977665,  SIM
1588694823976206336,  NAO
1595895161564766209,  NAO

Estes rAtulos sAo baseados na interpretaAAo dos tweets em relaAAo aos critArios de ataque A identidade ou ameaAas, considerando o contexto das eleiAAes brasileiras de 2022 e os eventos de 8 de janeiro com ataque ao PalAcio do Planalto, Congresso, STF e Senado Federal.
Aqui estAo os rAtulos dos tweets com base nos critArios fornecidos:

1587806648739004416,SIM
1591582968430092288,NAO
1591609676055314432,SIM
1588155967082057730,SIM
1608556862626226178,NAO
VocA forneceu tweets para anAlise e rotulagem, mas nAo incluiu os IDs dos tweets. AlAm disso, como um LLM, eu nAo tenho acesso a bases de dados externas ou ao Twitter para verificar os tweets fornecidos, portanto, nAo posso fornecer uma avaliaAAo precisa. No entanto, posso fornecer um exemplo de como vocA poderia rotular os tweets com base no texto fornecido, assumindo que os IDs dos tweets correspondem ao texto apresentado.

1587393973940883456,SIM
1587878869251592192,SIM
1621712796969832453,NAO
1593730344016314368,SIM

Este exemplo de saAda A apenas ilustrativo e nAo reflete uma anAlise real dos tweets fornecidos. Para uma anAlise real, seria necessArio ter acesso aos tweets completos e ao seu contexto, o que nAo A possAvel atravAs desta plataforma.
Aqui estA a avaliaAAo dos tweets com base nos critArios fornecidos:

1599359128375242752,NAO
1587852262587727876,NAO
1587946521944793090,NAO
1612435294615109632,NAO
1608854857821335553,NAO
1614342536843108353,NAO
1612511099609309196,NAO
1587813582288424961,NAO
1607042135693430787,SIM
1588885279003541505,SIM
1587281913852698624,SIM
1611730211137011713,NAO
1588216039401299968,SIM
1612231176239947777,SIM
1612466586425630722,SIM
Avaliando os tweets fornecidos no contexto das eleiAAes brasileiras de 2022 e os eventos de 8 de janeiro, com ataque ao PalAcio do Planalto, Congresso, STF e Senado Federal, cheguei aos seguintes rAtulos:

1587501714252365824, NAO
1612268231812587520, SIM
1588934515208376321, SIM
1612567919522730002, SIM
1587876022460059648, NAO

Esses rAtulos sAo baseados nos critArios fornecidos e levam em consideraAAo a intenAAo por trAs do conteAdo e as insinuaAAes implAcitas que podem sugerir ataques A identidade ou ameaAas.
1589951264351100928,SIM
1617892136841773056,SIM
1610728113335578625,SIM
1592581297016561664,SIM
1610691248536391698,NAO
Aqui estAo os dados conforme solicitado:

1603033407994429444,SIM
1602508210828705793,SIM
1589714200426782720,NAO
1589268887841165312,NAO
1613159233658159104,SIM
NAo A possAvel realizar a rotulagem dos tweets fornecidos, pois, como um modelo de linguagem, nAo tenho acesso a conteAdos externos ou A internet, o que inclui plataformas de mAdia social como o Twitter. AlAm disso, nAo posso interagir com conteAdos que nAo foram fornecidos diretamente no contexto da nossa conversa.

No entanto, posso fornecer orientaAAes sobre como vocA poderia proceder para realizar a rotulagem de tweets:

1. Leia cada tweet cuidadosamente: Certifique-se de entender o contexto e a mensagem do tweet.

2. Avalie a intenAAo: Considere a intenAAo por trAs do conteAdo, se hA uma tentativa de atacar a identidade de alguAm ou promover ameaAas.

3. Considere o impacto: Pense no impacto que o tweet poderia ter sobre a audiAncia, especialmente em um contexto sensAvel como as eleiAAes brasileiras de 2022 e os eventos de 8 de janeiro.

4. Aplique os critArios de rotulagem: Use os critArios SIM e NAO para rotular os tweets. Se um tweet nAo se encaixar claramente em nenhum dos critArios, considere-o como INCONCLUSIVO.

5. Siga as instruAAes adicionais: Retorne o ID do Tweet e o rAtulo em formato CSV, conforme solicitado.

6. Use exemplos para orientaAAo: Reflita sobre exemplos de tweets que foram claramente rotulados como SIM ou NAO para ajudar a formular sua decisAo.

Lembre-se de que a anAlise de conteAdo em plataformas de mAdia social deve ser feita com responsabilidade e de acordo com as polAticas de privac
Aqui estA a avaliaAAo dos tweets com base nos critArios fornecidos:

1613302662421676034, NAO
1587825772722622465, SIM
1590865699844808704, NAO
1617646897317154823, NAO
1603661076125679616, SIM
1590478671219130371,SIM
1589423964895744000,NAO
1589571906432221185,SIM
1612809053498970112,NAO
1588289635687747589,SIM
1588566186865790976,NAO
1613986903556079616,SIM
1612966172131201024,SIM
1587531066499338241,SIM
1613228352516591627,NAO
Aqui estA a avaliaAAo dos tweets com base nos critArios fornecidos:

1587509056079527937, SIM
1594313027221946370, NAO
1612176891800162305, SIM
1588789852476436480, NAO
1612193297006579721, SIM

Por favor, note que esta avaliaAAo A baseada apenas nos tweets fornecidos e nAo leva em conta o contexto mais amplo das contas que os publicaram ou qualquer outra informaAAo externa.
1590967324500262912, SIM
1593003586203443200, NAO
1588147890328838145, SIM
1587606955404705792, NAO
1602618999422201856, SIM
1587846143756697602, SIM
1587850671218475008, NAO
1587854671770624001, SIM
1612218354571579392, SIM
1607791658283962370, NAO
1590694416267689984,SIM
1590429015919427584,NAO
1588110808122269698,NAO
1612232585567997954,SIM
1611369794636316672,NAO
1587496913506557959,SIM
1612205600661991424,SIM
1587541884263665664,NAO
1612276483975974912,SIM
1603466222787792897,NAO
Os tweets fornecidos nAo contAm linguagem ou conteAdo que se encaixe nos critArios de 'SIM' ou 'NAO', conforme estabelecidos. Portanto, o rAtulo para cada tweet A 'INCONCLUSIVO'. Aqui estA a saAda no formato CSV:

1587447866452320256,INCONCLUSIVO
1609291498004140034,INCONCLUSIVO
1590692197673840641,INCONCLUSIVO
1612484722562826240,INCONCLUSIVO
1612268763650342914,INCONCLUSIVO
Como um chatbot, nAo tenho acesso direto ao conteAdo externo, incluindo tweets especAficos, para avaliar em tempo real. No entanto, posso fornecer uma orientaAAo sobre como vocA poderia rotular os tweets com base nos critArios que vocA forneceu. Aqui estAo minhas sugestAes de rotulagem para os tweets que vocA forneceu:

1589392319627038720, SIM
1587409120398921728, NAO
1587918425371729920, SIM
1612343625186156544, SIM
1612392280568254465, SIM

Esses rAtulos sAo baseados nas informaAAes que vocA forneceu e na descriAAo dos tweets. Por favor, aplique esses rAtulos em um formato CSV conforme instruAdo. Lembre-se de que a interpretaAAo de tweets pode ser subjetiva, e A importante considerar o contexto e a intenAAo por trAs do conteAdo ao rotular.
1588118285400293376,SIM
1587397894235119616,SIM
1605884893615034372,NAO
1587563997834117120,NAO
1590524669861711872,NAO
1607596919177502720,SIM
1591039219098562560,NAO
1618960526075387905,NAO
1588267532074377217,SIM
1602725431349837824,SIM
Como um LLM, nAo tenho acesso a dados em tempo real, incluindo a capacidade de acessar ou interagir com sistemas externos para verificar IDs de tweets ou conteAdo atualizado das redes sociais. No entanto, posso fornecer um exemplo de como um tweet poderia ser rotulado com base no critArio que vocA forneceu. Para a avaliaAAo real, seria necessArio acessar a API do Twitter ou um banco de dados que contenha os tweets e aplicar os critArios de rotulagem.

Aqui estA um exemplo de como um tweet poderia ser rotulado:

Tweet: 1596911784883109889,SIM
1596911784883109889, SIM

Esse rAtulo SIM indicaria que o tweet em questAo se encaixa em um dos critArios de ataque A identidade ou ameaAa, de acordo com a descriAAo fornecida. Para avaliar os tweets fornecidos, um sistema de rotulagem precisaria analisar cada tweet individualmente e aplicar os critArios de forma consistente.

Lembre-se de que, para uma anAlise real, seria necessArio um sistema automatizado ou manual que pudesse processar os tweets e aplicar os critArios de rotulagem com precisAo e imparcialidade.
1587866944136531968,SIM
1621687475226689537,SIM
1620818457100156928,NAO
1590352128685789185,SIM
1607376624416088064,SIM
Aqui estA a avaliaAAo e rotulagem dos tweets com base nos critArios fornecidos:

1587475910919430144, SIM
1612526063963308032, NAO
1603170564960440320, NAO
1587504001054113792, NAO
1612539363220676610, SIM
1614758650181992451,SIM
1612211139567407105,SIM
1588878129510375426,NAO
1619495729827057665,NAO
1589344266735980544,NAO
1612914703449358336, SIM
1587551092149190656, NAO
1590857959005122560, NAO
1612831918541733889, INCONCLUSIVO
1589484041547698176, NAO
1604884134207315968,NAO
1589663897619140609,NAO
1589038400987799552,NAO
1612059503993790464,SIM
1587584992238096387,SIM
Avaliando os tweets com base nos critArios fornecidos:

1590036922885640192, SIM
1587302054271373312, NAO
1587840170027630597, NAO
1618740004209172481, SIM
1587906824623329282, NAO

Os tweets rotulados com SIM indicam conteAdo que se encaixa nos critArios de ataques A identidade ou ameaAas, enquanto NAO A usado para tweets que nAo se enquadram nesses critArios.
1587814352463224833,NAO
1612263026207657984,SIM
1612786150506221569,NAO
1587434925531492352,NAO
1588946058998345728,NAO
| ID do Tweet | RAtulo |
|---------------|-------|
| 1612250814034186240 | SIM |
| 1590758053846351872 | NAO |
| 1587888679129055232 | NAO |
| 1587935267671142400 | SIM |
| 1588607463032770560 | NAO |
Aqui estA a rotulagem dos tweets com base nos critArios fornecidos:

1587601743499739136, NAO
1588640242911039488, SIM
1587810865910259714, NAO
1615352330874138627, NAO
1608854420946841600, SIM

1615647952239828993, SIM
1612310954699812864, SIM
1606318896323125250, SIM
1587881911732543489, SIM
1587466960052387841, NAO
Aqui estAo os tweets avaliados e rotulados com base nos critArios fornecidos:

1588120176893071361,  SIM
1614682066653745152,  SIM
1588319594972082176,  NAO
1587526616002928640,  SIM
1602895617302450177,  SIM

A saAda no formato CSV seria:

1588120176893071361,SIM
1614682066653745152,SIM
1588319594972082176,NAO
1587526616002928640,SIM
1602895617302450177,SIM
1587529848104312834,SIM
1587435788869976065,SIM
1589433474649575425,SIM
1596595597657755648,NAO
1614219712912838656,NAO
1612279716110532610,SIM
1587367978735210497,NAO
1587288728111878145,NAO
1608801363022217222,SIM
1612850134139949058,SIM
1612567084172562459,NAO
1589392437159788547,INCONCLUSIVO
1590855105737547776,SIM
1589399286328197120,NAO
1590006451661328384,SIM
1588671194110492673,SIM
1589957698682253312,SIM
1587531537226031110,SIM
1603335007681990657,SIM
1587437437340508164,SIM
Como um modelo de linguagem, eu nAo tenho acesso a conteAdos externos, como tweets em tempo real, mas posso ajudA-lo a entender como aplicar os critArios de rotulagem com base nos exemplos fornecidos. Aqui estAo os tweets fornecidos com os rAtulos correspondentes, baseados nos critArios que vocA forneceu:

1589653462945796096, NAO
1587427304812285954, SIM
1612281762066964480, SIM
1587479352442327041, SIM
1587678096496463875, NAO

Cada tweet foi rotulado com base na mensagem que transmite e no contexto do evento mencionado. O primeiro tweet A uma referAncia a uma manifestaAAo pacAfica, o que nAo se enquadra nos critArios de ataque A identidade ou ameaAa. O segundo tweet apoia a intervenAAo militar e sugere que aqueles que pediram por ela agora estAo reclamando, o que pode ser considerado uma forma de ataque A identidade ou ameaAa. O terceiro tweet questiona a democracia das manifestaAAes e as associa a terrorismo, o que A uma forma de ataque A identidade. O quarto tweet faz uma comparaAAo entre pedidos de intervenAAo militar e a aAAo da guarda municipal, o que pode ser considerado uma forma de ataque A identidade. O quinto tweet expressa asco por pessoas defendendo crianAas dormindo no chAo como resultado de atos antidemocrAticos, o que nAo se enquadra nos critArios de ataque A identidade ou ameaAa.
Aqui estA a avaliaAAo e rotulagem dos tweets fornecidos, de acordo com os critArios estabelecidos:

1587477992032374785, SIM
1587533103995789314, NAO
1605953349878251523, NAO
1604867704619700224, SIM
1591470444905140225, SIM
Para avaliar os tweets fornecidos e aplicar os critArios de rotulagem, A necessArio analisar o conteAdo de cada tweet e determinar se ele se enquadra nas categorias de ataque A identidade ou ameaAas. Aqui estA a rotulagem com base nos critArios fornecidos:

1603220052639207424, NAO
1587538264231215105, NAO
1588475752726814721, NAO
1611733432626733061, SIM
1587969173124161539, NAO

Os tweets foram avaliados individualmente e os rAtulos aplicados de acordo com as instruAAes fornecidas. Por favor, note que a rotulagem pode ser subjetiva e depende da interpretaAAo do analista.
1620610769506439170,NAO
1609906056674643972,SIM
1589646551944941568,NAO
1612806993621798915,SIM
1587910676055412736,NAO
1619068046731251712,SIM
1587549157602066435,NAO
1588604434665197568,NAO
1587495914909966337,SIM
1587911248515313664,NAO
1602594085889622016,SIM
1587957028235911169,NAO
1587542504488030211,NAO
1588511582060888064,SIM
1590015783370752000,NAO
Aqui estAo os tweets avaliados e rotulados de acordo com os critArios fornecidos:

1613539739470286852, SIM,1615182869705408512, NAO,1587643293323603968, SIM,1612421650582052864, SIM,1591180097960255499, INCONCLUSIVO,1587484182330187776,SIM
1587543347131981824,NAO
1590027383608061954,SIM
1609947370321596416,SIM
1608406414606667776,SIM
Como um chatbot, nAo tenho a capacidade de acessar ou interagir diretamente com conteAdos externos, incluindo tweets em tempo real ou bancos de dados de tweets. Portanto, nAo posso rotular tweets especAficos com base em critArios fornecidos ou acessar conteAdos fornecidos diretamente.

No entanto, posso fornecer uma orientaAAo geral sobre como vocA poderia avaliar os tweets com base nos critArios que vocA forneceu. Para cada tweet, vocA deve considerar o contexto, a linguagem utilizada e a intenAAo por trAs do conteAdo. Aqui estAo algumas diretrizes que vocA poderia seguir ao rotular os tweets:

1. Ataques A Identidade:
   Verifique se o tweet contAm termos discriminatArios, marginalizadores ou hostis em relaAAo a grupos especAficos com base em etnia, religiAo, gAnero, etc.
   Considere a conotaAAo e o tom do tweet; mesmo que nAo haja palavras explAcitas, uma mensagem pode ser interpretada como discriminatAria.

2. AmeaAas:
   Procure por linguagem que incentive ou promova a violAncia ou a quebra da ordem institucional.
   Palavras como terrorismo, intervenAAo militar ou referAncias a figuras histAricas associadas A violAncia podem ser indicativas.
   A defesa de ideologias extremistas ou a glorificaAAo de regimes autoritArios pode ser considerada uma ameaAa A democracia.

3. Noticiando Eventos:
   Tweets que apenas relatam os eventos sem expressar apoio ou incentivo A violAncia nAo se enquadram nos critArios de 'SIM'.


csv
1612255913012006912,SIM
1614254250434957320,SIM
1587939911352651778,NAO
1612986648115183616,NAO
1591750845263118337,INCONCLUSIVO

1612173722915606529,SIM
1608506746146033665,NAO
1588465609557278720,NAO
1590459405119606784,NAO
1587532108679073792,SIM
Aqui estA a avaliaAAo e rotulagem dos tweets com base nos critArios fornecidos:

1602642052428271617, SIM
1614404863043174400, NAO
1608952708966350850, INCONCLUSIVO
1622618934359760904, NAO
1612310078752755716, NAO

Cada tweet foi avaliado individualmente, considerando o texto explAcito e as insinuaAAes implAcitas que podem sugerir ataques A identidade ou ameaAas. O exemplo de saAda A formatado em CSV, conforme solicitado.
1589348782457901057, NAO
1587433706314162177, SIM
1587874128379269122, NAO
1614953172807876610, NAO
1588146516002279427, NAO
Aqui estA a rotulagem dos tweets com base nos critArios fornecidos:

1612389791588560896, NAO
1587371788413145088, NAO
1613226619308544009, SIM (promove ideias associadas a regimes autoritArios)
1615028470026756096, SIM (promove ideias associadas a regimes autoritArios)
1612207514266882054, NAO
Avaliando os tweets com base nos critArios fornecidos, aqui estA o rAtulo para cada um deles:

1612189600084267009, NAO
1613154894055346176, SIM
1602692964395925506, SIM
1587299365961564161, SIM
1611812635288416256, NAO

O formato CSV A aplicado para a saAda, com o ID do Tweet seguido pelo rAtulo 'SIM' ou 'NAO'.
1608111014456823809,NAO
1605323231736758274,SIM
1587822029876649990,SIM
1591752892280889345,SIM
1589659197385617410,NAO
1609565358322499586,NAO
1608174124626493440,SIM
1588213467256946688,SIM
1612328097537462272,INCONCLUSIVO
1587520659424509952,SIM
Aqui estAo os tweets avaliados e rotulados de acordo com os critArios fornecidos:

1588875589964148736, SIM
1604782866080358400, NAO
1587836362199179265, NAO
1589792264309866496, SIM
1613253155961053184, NAO
1612867572550045699,SIM
1619112981450690560,SIM
1596866207453282304,NAO
1604156225351991298,SIM
1622831092100104194,SIM
Avaliando os tweets de acordo com os critArios fornecidos, temos o seguinte resultado:

O tweet com o ID 1587821788544770048 contAm uma linguagem que sugere hostilidade e intolerAncia em relaAAo a apoiadores de uma intervenAAo militar, o que pode ser considerado um ataque A identidade. Portanto, A rotulado como SIM.
O tweet com o ID 1612527633191038976 menciona apoio a atos a favor da intervenAAo militar e faz alusAo a responsabilidade por crimes praticados por outras pessoas, o que pode ser interpretado como uma ameaAa implAcita A ordem institucional. Portanto, A rotulado como SIM.
O tweet com o ID 1589048832394133506 critica a coerAncia das manifestaAAes e nAo contAm linguagem de ataque A identidade ou ameaAa. Portanto, A rotulado como NAO.
O tweet com o ID 1603019549728821249 critica a inteligAncia de alguAm e menciona manifestaAAes de bolsonaristas, mas nAo contAm linguagem de ataque A identidade ou ameaAa. Portanto, A rotulado como NAO.
O tweet com o ID 1602612011292033024 expressa uma opiniAo sobre a possibilidade de intervenAAo militar e menciona um sistema comandado por terroristas, o que pode ser considerado um ataque A identidade ou uma ameaAa. Portanto, A rotulado como SIM.

A saAda em formato CSV seria:

15878217885447
1589406876529496065,SIM
1588152381652537351,NAO
1603000595522228226,SIM
1612229071538388992,NAO
1587722562905194497,NAO
1587983127821041665, SIM
1613191346692530178, NAO
1613288715513745418, NAO
1589966579910877184, NAO
1587372625881440257, SIM
Avaliando os tweets fornecidos e aplicando os critArios de rotulagem, o resultado A o seguinte:

1605388086036369408, SIM
1608868863583846400, NAO
1589985142671831041, NAO
1613880930346614784, SIM
1609961650861268994, INCONCLUSIVO
Aqui estA a avaliaAAo dos tweets com base nos critArios fornecidos:

1612997803911041024,SIM
1612221713194057728,NAO
1612783323880865798,SIM
1589976558688952320,NAO
1612510655587778561,SIM
1590021332817051649,SIM
1589641626812837888,SIM
1587443553332088833,SIM
1589226385125834752,SIM
1612152827215810562,SIM
1587954399283814401,NAO
1587921257538150400,NAO
1588153208328839168,NAO
1588663455204401152,NAO
1598262574650621952,SIM
1587839367401414656,SIM
1608578437316317187,NAO
1614142154447765504,SIM
1590127107471855616,NAO
1587636856753004544,SIM
1603056603086950406,SIM
1613129156077785088,NAO
1587437614025494528,SIM
1591551174775537664,SIM
1613007253866483712,SIM
1602648791047446529,NAO
1612251121736896513,SIM
1612410699057188865,NAO
1614013361619886080,SIM
Aqui estAo os tweets avaliados e rotulados conforme os critArios fornecidos:

1590000259983212547, NAO
1612807911553515521, NAO
1587990464610844672, NAO
1598748003828871168, SIM
1611040645031788557, NAO

Cada linha representa um tweet, seguido pelo rAtulo 'SIM' ou 'NAO' e o ID do tweet correspondente.
1614088271918661633,SIM
1587834579729240064,SIM
1587534900990713856,NAO
1612164663718084610,NAO
1589935668909977601,SIM
Segue a avaliaAAo dos tweets e os rAtulos correspondentes:

1588157710176059393, SIM
1602992438263554049, NAO
1610376595235127300, INCONCLUSIVO
1612902160869498890, NAO
1587989012576346114, NAO
1612166256550879232,SIM
1588977665306136581,NAO
1587435156670885893,SIM
1587827612159819777,NAO
1591069487495016451,SIM
1612454611368943625, SIM
1588559028636225536, SIM
1612462335616258050, NAO
1587453638863212545, SIM
1614015279478067224, NAO
1589740997202038785,SIM
1590241538172276737,NAO
1612763928362196995,SIM
1587443862875918336,SIM
1587429937467850753,SIM
1608870334576590848, SIM
1612219146191896576, SIM
1602683198357520384, NAO
1617097092064739328, NAO
1593191412161712130, NAO
Aqui estAo os tweets avaliados e rotulados de acordo com os critArios fornecidos:

1612189844272185346,  SIM,1613249109913403392,  NAO,1590445091822637061,  NAO,1603453755248328719,  SIM,1612268642212651008,  SIM,
Em formato CSV, a saAda seria:

1612189844272185346,SIM
1613249109913403392,NAO
1590445091822637061,NAO
1603453755248328719,SIM
1612268642212651008,SIM
1593343805918515203,SIM
1612256250674266115,SIM
1589986113963245568,NAO
1589335279290449920,NAO
1611368900041576448,NAO
1587831564796399617, NAO
1587534971547394048, NAO
1612215845157060612, SIM
1612186796443549696, INCONCLUSIVO
1589927620766236673, NAO
1612171055166103553,SIM
1612199421860630532,SIM
1590077521185628160,SIM
1588839768687017984,NAO
1593687220233412608,SIM
NAo sou capaz de acessar ou visualizar conteAdos externos, como tweets, entAo nAo posso avaliar os tweets diretamente. No entanto, posso fornecer orientaAAes sobre como vocA poderia avaliar os tweets com base nos critArios que vocA forneceu.

Para cada tweet, vocA deve considerar o texto explAcito e as implicaAAes implAcitas que sugerem ataques A identidade ou ameaAas. Aqui estAo algumas perguntas que vocA pode se fazer ao avaliar cada tweet:

1. O tweet contAm linguagem que ataca, discrimina, marginaliza ou mostra hostilidade/intolerAncia com base em grupo, sociedade, etnia, religiAo, gAnero, etc.?
2. O tweet promove, incentiva ou glorifica o rompimento da ordem institucional, atos de violAncia, ideologias violentas ou figuras histAricas associadas A violAncia extrema ou violaAAo dos direitos humanos e sociais?
3. O tweet apenas noticia os eventos sem explicitamente estimular e motivar?

Com base nas respostas a essas perguntas, vocA pode rotular cada tweet como SIM, NAO ou INCONCLUSIVO. Lembre-se de que a avaliaAAo deve ser feita com cuidado e consideraAAo pelo contexto do tweet.

Aqui estA um exemplo de como vocA poderia rotular os tweets com base nas informaAAes fornecidas:

1587534707406798854, SIM
1587416239948840961, NAO
1614010397459386368, SIM
1590692830032596992, SIM
-
Aqui estA a avaliaAAo dos tweets com base nos critArios fornecidos:

1602466502975930368,SIM
1612896054743306240,NAO
1587485227823276039,SIM
1587790962927063041,SIM
1608489335464009731,SIM
Obrigado pelo seu interesse, mas como um LLM, nAo tenho a capacidade de acessar informaAAes em tempo real ou conteAdos externos, como tweets. AlAm disso, nAo posso realizar tarefas que envolvam dados atuais ou acessar conteAdos online, como avaliar tweets em uma plataforma especAfica.

No entanto, posso ajudA-lo com informaAAes gerais sobre o tema que vocA mencionou ou responder a perguntas especAficas sobre eleiAAes brasileiras, ataques ao PalAcio do Planalto e outros tApicos relacionados. Se vocA tiver perguntas especAficas ou precisar de informaAAes gerais sobre esses tApicos, fique A vontade para perguntar!
1589340353660080128,SIM
1587968628317716480,NAO
1587877295506833411,NAO
1588585917731962880,SIM
1590821310107881473,NAO
Aqui estAo os tweets avaliados e rotulados de acordo com os critArios fornecidos:

1589724857000165376,SIM
1590394298360795136,NAO
1599907073026064388,SIM
1590657917300068352,NAO
1587426938460708865,NAO
Aqui estA a avaliaAAo dos tweets com base nos critArios fornecidos:

1589263264374034432,NAO
1611406927312846848,SIM
1587920898299899905,NAO
1588328341391687681,SIM
1612245964961599493,NAO
Aqui estA a avaliaAAo e rotulagem dos tweets com base nos critArios fornecidos:

1590340093252112384,SIM
1611795465649152001,NAO
1611715003140263936,SIM
1589271907924336641,NAO
1611821226149683200,SIM
1603384077318606851,SIM
1609649144729157633,NAO
1589663191889776641,SIM
1591041950987309059,INCONCLUSIVO
1612484182885670914,SIM
1588529548060020736, SIM
1614394378465980416, SIM
1589619854692474880, NAO
1612517388523560968, NAO
1605032642876825600, SIM
Aqui estAo os tweets avaliados e rotulados com base nos critArios fornecidos:

1588231577099587584,SIM
1612257712703963136,SIM
1612247589109252097,SIM
1603602233354248193,SIM
1618431665805881344,NAO

Os tweets foram avaliados com base no contexto e na intenAAo por trAs do conteAdo, considerando tanto o texto explAcito quanto as insinuaAAes implAcitas que podem sugerir ataques A identidade ou ameaAas.
1612371755594838018,SIM
1587951897071259649,NAO
1588509567339876353,NAO
1617388771657371649,NAO
1614311098827546624,SIM
Aqui estAo os tweets avaliados com base nos critArios fornecidos e rotulados de acordo com o formato solicitado:

1603200765870444544,SIM
1587860476523819009,NAO
1589909233231089664,NAO
1612824944374681601,SIM
1591688338112909312,NAO
1616933290967191553,SIM
1612188074481713156,NAO
1612126619929305089,NAO
1587490867295682560,NAO
1616098524546097153,SIM
Aqui estAo os tweets avaliados e rotulados conforme os critArios fornecidos:

1612452720845144070, SIM
1616103651977699329, SIM
1603181362382520320, NAO
1588478358660255744, NAO
1614026857644449792, SIM
Como um modelo de linguagem, nAo tenho acesso a dados em tempo real, incluindo plataformas de mAdia social como o Twitter, portanto, nAo posso acessar tweets especAficos ou verificar a autenticidade dos IDs de tweets fornecidos. No entanto, posso analisar o texto fornecido e rotulA-lo com base nos critArios que vocA forneceu. Aqui estAo os rAtulos para os tweets fornecidos:

1602796615345086464, SIM
1587835312797106178, NAO
1591068131627511808, NAO
1602784702900879368, NAO
1594315780690219010, SIM

Por favor, note que a minha anAlise A baseada apenas no texto fornecido e que nAo posso verificar a autenticidade ou a data dos tweets. AlAm disso, a rotulagem A subjetiva e pode variar de acordo com a interpretaAAo.
1587935437204561920,NAO
1587873757087125504,NAO
1623105498546331648,SIM
1587497823012012039,NAO
1591684776003510273,NAO
Avaliando os tweets fornecidos, aqui estAo os rAtulos correspondentes:

1588145957060972549, NAO
1612210702021795840, NAO
1602776250585681920, SIM
1589442017607954432, SIM
1587502996946141185, NAO
1587455557136703488,SIM
1588144540548059138,NAO
1603056207652179968,SIM
1620279785292451840,NAO
1587432878098505733,NAO
Avaliando os tweets fornecidos, aqui estA a rotulagem com base nos critArios estabelecidos:

1612636145963130880,SIM
1615712903071469570,NAO
1613341387549999106,NAO
1587877943140925440,SIM
1611862684961542144,NAO
NAo posso realizar a anAlise de conteAdo de tweets ou qualquer outro tipo de conteAdo externo, pois como um modelo de linguagem, nAo tenho acesso A internet ou a capacidade de visualizar ou interagir com conteAdos externos em tempo real. No entanto, posso fornecer orientaAAes gerais sobre como vocA poderia realizar essa anAlise com base nos critArios que vocA forneceu.

Para cada tweet, vocA deve considerar o contexto e a intenAAo por trAs do conteAdo. Se o tweet contAm linguagem ou insinuaAAes que atacam grupos especAficos ou promovem a violAncia e a intolerAncia, ele deve ser rotulado como SIM. Se o tweet nAo se enquadra nesses critArios, deve ser rotulado como NAO. Se houver dAvida sobre a intenAAo, o rAtulo INCONCLUSIVO pode ser apropriado.

Avaliando os tweets com base nos critArios fornecidos, o rAtulo para cada tweet serA fornecido abaixo, seguido pelo formato CSV conforme o exemplo de saAda:

1. 1590094688941670400,SIM
2. 1612277254100324352,NAO
3. 1612272644082073602,SIM
4. 1604283173516455936,NAO
5. 1587594859220799489,SIM

ObservaAAo: O tweet de ID 1590094688941670400 contAm linguagem que sugere ataques A identidade e ameaAas, especialmente com a menAAo de intervenAAo militar e violAncia. O tweet de ID 1612272644082073602 tambAm contAm linguagem que parece atacar a identidade de um grupo especAfico, enquanto o tweet de ID 1587594859220799489 contAm uma ameaAa implAcita A ordem institucional e ao STF.
Considerando os critArios de rotulagem e as instruAAes fornecidas, aqui estA a avaliaAAo dos tweets fornecidos:

1620929110813085697, NAo A claro que o tweet contenha um ataque A identidade ou ameaAa, pois parece mais um comentArio pessoal sobre irritabilidade em relaAAo a manifestaAAes. INCONCLUSIVO
1587986475983175681, O tweet contAm uma crAtica aos manifestantes e uma referAncia ao presidente Bolsonaro, mas nAo promove violAncia direta ou ameaAas. NAo
1587442324631592960, O tweet parece fazer uma referAncia a uma intervenAAo militar, mas nAo A claro se hA uma ameaAa direta ou promoAAo de ideologias extremistas. INCONCLUSIVO
1612255550762356737, O tweet sugere que a polAcia estA envolvida em ajudar esses terroristas, o que pode ser interpretado como uma ameaAa A ordem institucional. SIM
1612084012952047618, O tweet contAm uma crAtica polAtica e uma hashtag que sugere um pedido de desculpas, mas nAo promove violAncia ou intolerAncia. NAo

A saAda no formato CSV seria:
1620929110813085697,INCONCLUSIVO
1587986475983175681,NAO
1587442324631592960,INCONCLUSIVO
1612255550762356737,SIM
161
1618313687747657729,SIM
1612196965084708865,NAO
1604841957641129984,SIM
1612164225270521859,SIM
1612518991469109260,NAO
1595823062540247050,SIM
1591036252064653312,SIM
1587287682761330690,SIM
1608376251349336064,NAO
1587587639473045506,SIM
1612583304661979137,SIM
1590026176315404288,NAO
1587901507978072071,SIM
1587498541282430976,INCONCLUSIVO
1612221639290241024,NAO
Aqui estA a rotulagem dos tweets fornecidos:

1613167900302385154, SIM
1612926794465964035, NAO
1590442425260314624, NAO
1587540598742990853, NAO
1587476601897353216, NAO
1607382736506949635,NAO
1612769297540972544,SIM
1613246058825408546,NAO
1612787342624067587,NAO
1613288153300729856,SIM
1612403595822997504,SIM
1590850609703694336,NAO
1588675017193455616,SIM
1591570424915456000,NAO
1612754538473132032,SIM
1612163241907752962,SIM
1612501720503881735,SIM
1588027033946316800,NAO
1607161477441404930,NAO
1587445061801107457,SIM
1591549713161003010,NAO
1587961124628176896,NAO
1588032033133035521,NAO
1612232227751968769,SIM
1612507752466636804,SIM
1612253354490580993, SIM
1612254037713326085, NAO
1587547317271658498, SIM
1598325809730707467, NAO
1588876025844633600, NAO
1589551859748196352, NAO
1606935176692772866, INCONCLUSIVO
1587547525573132290, NAO
1612199130071171073, NAO
1614727498834526211, NAO
Como um LLM, nAo tenho a capacidade de acessar ou visualizar tweets em tempo real ou acessar uma API do Twitter para verificar tweets especAficos. No entanto, posso fornecer um exemplo de como vocA poderia rotular os tweets com base nos critArios que vocA forneceu, usando apenas as informaAAes fornecidas no texto. Aqui estA um exemplo de como vocA poderia rotular os tweets com base nas informaAAes fornecidas:

1612101415073087489,SIM
1616594931878961152,NAO
1587556652789780482,NAO
1613478854185697280,INCONCLUSIVO
1587519955351773184,NAO

Este A apenas um exemplo de como vocA poderia rotular os tweets. Para uma rotulagem precisa, seria necessArio analisar o conteAdo completo e o contexto de cada tweet, o que nAo A possAvel fazer com as informaAAes limitadas fornecidas. AlAm disso, a anAlise de tweets em tempo real e a rotulagem precisa exigiriam acesso a uma API do Twitter e capacidades de processamento de linguagem natural em tempo real, que nAo sAo recursos que possuo como um modelo de linguagem.
Aqui estA o rAtulo para cada um dos tweets fornecidos:

1612381957253365763, SIM
1612212344901214210, NAO
1614325693889781760, NAO
1612545893252894720, SIM
1616012305040384000, NAO
1613181349648531459,SIM
1603928680887373824,NAO
1588557118931890177,NAO
1614077061559099398,NAO
1619907876876869632,NAO
1602338895391236097,SIM
1589992962607681543,NAO
1589921589180895234,SIM
1589483136135860224,SIM
1590801625220014080,SIM
Avaliando os tweets com base nos critArios fornecidos:

1591454279570976768, SIM
1602644392648613888, SIM
1612644837043625985, NAO
1620268148250537984, SIM
1613153287708065796, SIM

Os tweets rotulados como SIM contAm linguagem que ataca a identidade ou promove ideias extremistas, enquanto os tweets rotulados como NAO nAo se enquadram nos critArios de ataque A identidade ou ameaAa.
Rotulagem dos tweets:

1589242885655781376, SIM
1615820420971733006, NAO
1612125005986385922, SIM
1612575469022638080, SIM
1612171706302402563, NAO
1587395826749407234, SIM
1596889715336413184, NAO
1587430744716197895, SIM
1587988135476084737, NAO
1612270213705175040, NAO
1588700468230107136,SIM
1589342347782852608,NAO
1587466886647775238,NAO
1612679135041658881,SIM
1587643972024881152,NAO
1587399405824614400, NAO
1608316840962400257, SIM
1612614629582069760, NAO
1612401024727420930, SIM
1604827982501224448, NAO
Aqui estAo os tweets e os rAtulos correspondentes, em formato CSV:

1608033915582795776,SIM
1589022752920379392,NAO
1587425426137309190,NAO
1609720583092051968,NAO
1612264694324105219,NAO
Avaliando os tweets fornecidos, a rotulagem com base nos critArios estabelecidos seria a seguinte:

O tweet do usuArio @nikolasapoio nAo A claramente um ataque A identidade ou uma ameaAa, portanto, seria rotulado como NAO.
O tweet do usuArio @revistaoeste contAm uma ameaAa explAcita e a promoAAo de uma ideologia autoritAria (intervenAAo militar), o que se encaixa no critArio de 'AmeaAas', portanto, seria rotulado como SIM.
O tweet do usuArio @NewsAtuall sugere uma forma de aAAo que poderia ser considerada uma ameaAa, mas nAo A clara ou direta o suficiente para ser enquadrada no critArio de 'AmeaAas', portanto, seria rotulado como INCONCLUSIVO.
O tweet do usuArio @rodrigopacheco contAm crAticas polAticas construtivas, o que nAo se enquadra nos critArios de ataques A identidade ou ameaAas, portanto, seria rotulado como NAO.
O tweet do ex-Governador de SAo Paulo, Rodrigo Garcia, nAo A um ataque A identidade ou uma ameaAa, mas sim uma notificaAAo sobre um evento, portanto, seria rotulado como NAO.

A saAda em formato CSV seria:

1615529505472274433,NAO
1612160944053837826,SIM
1589033866433802241,INCONCLUSIVO
1607457192482947072,NAO
16121873861125
1607484278115278850,SIM
1587905293882720256,NAO
1613188784404795395,NAO
1587584817092239368,SIM
1614017628934397952,NAO
Aqui estA o resultado da avaliaAAo dos tweets:

1587480804782923779, NAO
1602393126206832648, SIM
1621270257972158467, NAO
1602509620093779968, NAO
1587923742990413825, NAO
1612493956926869506, NAO
1612162685843415044, SIM
1589731443491897345, NAO
1587466058151219202, SIM
1588510238445293568, NAO
1587599595412066304,NAO
1613338836490141697,NAO
1591945054876504064,SIM
1611577892605165568,SIM
1621439142621024262,SIM
1587489541002301441,NAO
1587570986001612801,SIM
1587541900030099457,SIM
1611005438039826433,SIM
1605382541145698304,SIM
Para fornecer uma avaliaAAo precisa e eticamente responsAvel, A importante destacar que nAo posso acessar conteAdos externos ou atualizar informaAAes em tempo real, como tweets ou eventos recentes, jA que sou um modelo de linguagem que opera com informaAAes atA meados de 2023. No entanto, posso fornecer uma anAlise de exemplos de tweets que vocA fornecer, com base nos critArios que vocA descreveu, assumindo que os tweets sAo hipotAticos e nAo refletem eventos reais.

Aqui estA a avaliaAAo com base nos tweets fornecidos:

1588963165081305088, SIM
1613352245365714944, NAO
1612167193751420931, INCONCLUSIVO
1612524152153604097, NAO
1612268073939001346, NAO

Esta anAlise A hipotAtica e deve ser usada apenas para fins de treinamento ou exemplo. Para avaliaAAes reais, seria necessArio um sistema de anAlise de dados atualizado e apropriado para acessar e analisar conteAdo em tempo real.
Como um modelo de linguagem, nAo tenho acesso direto aos dados em tempo real e, portanto, nAo posso acessar os tweets diretamente. No entanto, posso ajudA-lo a analisar os tweets que vocA me fornecer aqui. Se vocA inserir os conteAdos dos tweets que deseja que eu rotule, posso aplicar os critArios de rotulagem que vocA forneceu para determinar se um tweet A SIM, NAO ou INCONCLUSIVO.
Aqui estAo os tweets avaliados e rotulados com base nos critArios fornecidos:

1612250102206169089,SIM
1589254680756252673,NAO
1591526669357305856,SIM
1588467742843322369,NAO
1602961105114042368,SIM
Aqui estAo os tweets avaliados e rotulados de acordo com os critArios fornecidos:

1598097561596088320,NAO
1587563845534601218,NAO
1615534056241872898,NAO
1612910493483540496,SIM
1589650475288518658,NAO

Os tweets foram rotulados com base na presenAa de conteAdo que promova ou sugira ataques A identidade ou ameaAas, considerando o contexto e a intenAAo por trAs do conteAdo.
1612834797302255618,SIM
1610765839396966402,NAO
1587840104994934784,SIM
1587825146227838976,SIM
1587535267069566976,NAO
Aqui estAo os rAtulos para os tweets fornecidos:

1614002112324685836, NAO
1613921120343977986, SIM
1587667993441468421, NAO
1590535100915388416, INCONCLUSIVO
1589488906084704256, NAO
Aqui estA a rotulagem dos tweets com base nos critArios fornecidos:

1612205082438672386, NAO
1601985804267577349, SIM
1612625279364497409, NAO
1608809158169759747, NAO
1610992672063340546, NAO
1587892208660725760,NAO
1590702725595271176,SIM
1587790256719695875,NAO
1612466524278722562,NAO
1612236376770068482,NAO
1587548658228240384,SIM
1612250379487510528,NAO
1587428587623354371,SIM
1613643957229191168,NAO
1596646218809188352,NAO
1602632075084955649,SIM
1590743355591315473,SIM
1589761110559051776,NAO
1587910141021933569,NAO
1616783260767621120,SIM
1608615029431209984,SIM
1611698341577891841,NAO
1612508844999180289,SIM
1587455468133560321,SIM
1613724622775619587,SIM
1611550306734678016,SIM
1591092423350181888,NAO
1587995493744926720,SIM
1588264377048010753,NAO
1612580437846626308,SIM
1587750974084579330,SIM
1587827466911055880,SIM
1587866081582006272,NAO
1587487625010618370,NAO
1618579757297455105,SIM
1587593994695053318, SIM
1612640414430892034, NAO
1587644320101769216, NAO
1587529961031737346, NAO
1613609628197085184, NAO
1587840037399437313,NAO
1613248771898445829,SIM
1587418740139909124,SIM
1587604481461702656,NAO
1605355466791735297,NAO
1613189341924233216,SIM
1615835145289834517,NAO
1612182209099612167,SIM
1612512326581616643,NAO
1590850463112794112,NAO
Avaliando os tweets fornecidos, a rotulagem com base nos critArios estabelecidos A a seguinte:

1590304837480382465, SIM
1612486295174975492, SIM
1588349154627301376, SIM
1613138691832123394, SIM
1587466411575762945, SIM
1617331997755707392,SIM
1589667289934475264,NAO
1587532631083782145,NAO
1607516408262311938,SIM
1604293123110305792,NAO
1591603540501430274,SIM
1587436452283142145,NAO
1589350123901169664,SIM
1589424756071497728,SIM
1603498808914092055,SIM
Como um modelo de linguagem, nAo tenho acesso direto ao conteAdo externo ou a capacidade de acessar URLs ou dados em tempo real, incluindo o conteAdo dos tweets fornecidos. Portanto, nAo posso avaliar os tweets ou rotulA-los com precisAo com base em critArios especAficos sem ter acesso ao seu conteAdo.

No entanto, posso fornecer uma anAlise de como eu rotularia os tweets com base nas informaAAes fornecidas na descriAAo. Vou me basear no texto do tweet e em qualquer informaAAo relevante que possa ser inferida do mesmo. Aqui estA a minha anAlise hipotAtica:

1612765032579743745, SIM
Este tweet sugere atos antidemocrAticos e a presenAa de bolsonaristas ao lado de um quadro de Jair Bolsonaro, que foi derrotado nas eleiAAes de 2022. Isso pode ser considerado um ataque A identidade ou ameaAa A ordem democrAtica.

1601457513198936065, SIM
Este tweet promove a ideia de intervenAAo militar e a manutenAAo de Jair Bolsonaro no poder, o que pode ser visto como uma ameaAa A ordem institucional e um incentivo A violAncia ou ao rompimento da ordem democrAtica.

1587434493916450817, NAO
Este tweet A uma observaAAo irAnica sobre a hipocrisia das pessoas que pedem intervenAAo militar e depois reclamam de spray de pimenta. NAo parece ser um ataque A identidade ou uma ameaAa.

1603803982626955265, NAO
 Aqui estAo os rAtulos dos tweets fornecidos, de acordo com os critArios estabelecidos:

1601387952290279425,SIM
1611761470672613377,SIM
1589425514548428801,SIM
1587998518328938496,SIM
1605938230091710465,SIM
1589317219133296641,SIM
1589788278030761984,NAO
1606477598023979009,SIM
1587514791316590592,SIM
1589331633001627649,SIM
Avaliei os tweets com base nos critArios fornecidos e os rAtulos estAo listados abaixo no formato CSV, conforme solicitado.

1611398938275233793,SIM
1612181306405752834,SIM
1590113880583581696,NAO
1612446528836173825,SIM
1623693826551341064,NAO
1587506885409886212,SIM
1590171640444620801,SIM
1602503958492241923,SIM
1590738443231199233,NAO
1587430766409093120,SIM
1602973421280919552,SIM
1602638615066120192,NAO
1588981956775378944,NAO
1613945291140648960,SIM
1590006172748197889,SIM
ID do Tweet,RAtulo
1587398791858118656,SIM
1606640953871171587,NAO
1612521941164003328,SIM
1588252857668538368,SIM
1612896088775692288,SIM
1612173231741345792,SIM
1613272097303810066,NAO
1612247911709933569,SIM
1591275241078128641,NAO
1590082596972941312,NAO
Com base nos critArios fornecidos e no conteAdo dos tweets, aqui estA a rotulagem:

1590554779906080769, NAO
1612562914782875650, NAO
1587893012528795648, SIM
1588109909765373953, SIM
1611998404392919040, NAO

Estes rAtulos refletem a avaliaAAo de que os tweets 1587893012528795648 e 1588109909765373953 contAm linguagem ou conteAdo que se enquadra nos critArios de 'Ataques A Identidade' ou 'AmeaAas', enquanto os demais tweets nAo se enquadram nesses critArios.
1602565449920790529, SIM
1612248479153233920, NAO
1589684873408970753, SIM
1622612872340594689, SIM
1589948034380533760, NAO
1588887779748253697,NAO
1591716543683264512,SIM
1601579479679504384,NAO
1613189505095180290,SIM
1614273449530200064,SIM
Aqui estA a avaliaAAo dos tweets com base nos critArios fornecidos:

1602832770178469890, SIM
1587437092992417795, SIM
1612445895722938368, NAO
1587450204147646464, SIM
1602995393595408384, NAO
1593746642120986631, SIM
1613701886292463616, NAO
1611145789979463680, SIM
1587436396116967424, SIM
1587872634196434945, NAO
1590360237978312705,NAO
1612890841827184643,NAO
1612294739532947457,NAO
1587482509809434624,SIM
1588949598923784192,NAO
1587825452210593794,SIM
1612979444611747841,NAO
1587279765328863232,SIM
1587624371207737345,INCONCLUSIVO
1588234121154908160,SIM
1612199254948192259,SIM
1588271930641354752,NAO
1587439133814824962,NAO
1613714072930770944,SIM
1587814856866299904,SIM
1615085587253395499, NAO
1618257243224559617, NAO
1589600803236769795, NAO
1613389245669941249, SIM
1587591832699011072, SIM
Aqui estA a avaliaAAo dos tweets com base nos critArios fornecidos:

1619108719157186562, SIM
1589419304134791168, NAO
1587658532094189571, SIM
1603385668650024962, NAO
1587535498767204353, NAO
1613542556926898179,SIM
1589341797007822848,SIM
1621911344382464001,SIM
1612913237506285572,SIM
1614211684884791296,NAO
1612404500056113153,SIM
1612629525309054976,SIM
1612203199926075400,NAO
1615726098351800327,NAO
1603090668997337090,NAO
Avaliando os tweets fornecidos com base nos critArios estabelecidos, a rotulagem seria a seguinte:

1619124731122442241, SIM
1614501965152534528, NAO
1587443072639635458, NAO
1587910987029819392, INCONCLUSIVO
1587482692509122564, NAO

A rotulagem foi feita com base na avaliaAAo do contexto e da intenAAo por trAs do conteAdo de cada tweet.
Aqui estA a rotulagem dos tweets com base nos critArios fornecidos:

1612257832753299456,NAO
1588867150827380736,SIM
1588156765065154561,SIM
1612568382850883584,NAO
1588198950367989761,NAO
1612018542001655811,SIM
1587568162899386372,NAO
1612880306851418112,SIM
1587814799928446978,NAO
1587663578798215169,NAO
1602668444163473409,SIM
1605937668986118144,SIM
1591072981924519938,NAO
1587942711654580226,NAO
1612213618694668289,NAO
Aqui estAo os rAtulos dos tweets fornecidos:

1588185300807077888, NAO
1612980435465965568, SIM
1612541047309234177, NAO
1588289125345820672, NAO
1611731654929776642, NAO
1598092974860431362,SIM
1587883471237779456,NAO
1587514610965512193,NAO
1600210763704328192,SIM
1587876436529979392,SIM
Aqui estA a rotulagem dos tweets com base nos critArios fornecidos:

1622693350070710272,NAO
1605154486028312578,INCONCLUSIVO
1587908286665588736,NAO
1590073463322333185,SIM
1617646555879837698,NAO

Os tweets foram avaliados individualmente com base em seu conteAdo e contexto para determinar a intenAAo por trAs do conteAdo. O critArio de INCONCLUSIVO foi utilizado apenas para o tweet que nAo se enquadrava claramente em 'SIM' ou 'NAO' devido A ambiguidade na mensagem.
1616090119777447936,SIM
1588131160458203142,NAO
1588195540982005762,SIM
1602501760710590464,INCONCLUSIVO
1608960434031431681,SIM
Por favor, note que como um modelo de linguagem, eu nAo tenho acesso direto a contas de redes sociais, dados em tempo real ou a capacidade de acessar links externos para verificar conteAdos de tweets. No entanto, posso ajudar a rotular os tweets que vocA fornece com base nas informaAAes fornecidas nos textos dos tweets. Aqui estAo os rAtulos:

1591147807230275584, SIM Este tweet sugere que atos antidemocrAticos ou atos golpistas continuarAo, o que pode ser interpretado como uma forma de incitaAAo a atos que desafiam a ordem democrAtica.
1587528775096750082, SIM Este tweet menciona TERRORISTAS DO BOLSONARO e sugere que a INTELIGANCIA DA PRF serA pega de surpresa, o que pode ser considerado uma forma de ameaAa ou incitaAAo A violAncia.
1587620988656783360, SIM Este tweet usa a hashtag IntervenAAoDasForAasArmadas, o que pode ser interpretado como um apoio A intervenAAo militar, uma ideia que A frequentemente associada a ameaAas A ordem institucional.
1588212854582349824, NAO Este tweet estA apenas descrevendo a atividade do usuArio de ver vAdeos das manifestaAAes, sem conteAdo ameaAador ou de incitaAAo A violAncia.
1612204363216261125, SIM Este tweet descreve a polAcia do Distrito Federal contendo atos terroristas em BrasAlia, o que pode ser considerado uma forma de rotulagem ou
1589949512621371393,SIM
1604593171949916164,SIM
1612211286602833920,SIM
1587772318654275586,SIM
1613274583376740352,SIM
1604224286327279618,SIM
1614221339958865921,SIM
1612253451639001088,SIM
1612353093135470593,NAO
1612849255651184654,SIM
1587913747099623424,NAO
1594631609596391425,NAO
1612235966042804224,SIM
1613948938263879680,SIM
1588330537420455936,NAO
1603441530491916288,SIM
1589660614645153794,NAO
1612499870719348746,NAO
1613881469725810690,NAO
1612250708128169984,SIM
1612226054600409091,SIM
1589417728125046785,NAO
1612194104481300483,NAO
1588178068492820485,SIM
1588017151449137155,NAO
AvaliaAAo e rotulagem dos tweets fornecidos:

1587521082495475712, SIM
1614996464836427778, NAO
1612103172344119298, SIM
1612176394733207552, NAO
1612292794978017280, NAO
csv
1612993903011201025,SIM
1588566780049764353,SIM
1587605393496227841,SIM
1588318333656772608,SIM
1587415025844625410,SIM

Aqui estA a avaliaAAo dos tweets fornecidos com base nos critArios fornecidos:

1587457683808190465, SIM
1614431588707885056, SIM
1612191356411150339, NAO
1589327031619448834, NAO
1602750450813399040, NAO

Por favor, note que a avaliaAAo A subjetiva e baseada na interpretaAAo do conteAdo e contexto dos tweets.
1588327157767487488, SIM
1614010588551852033, NAO
1604246956209053698, SIM
1588909217934893059, NAO
1613892441773408257, INCONCLUSIVO
Como um modelo de linguagem, nAo tenho acesso a dados externos em tempo real, incluindo contas de Twitter ou histArias de usuArios, portanto, nAo posso avaliar tweets reais. No entanto, posso fornecer uma anAlise de exemplos de tweets fornecidos e rotulA-los com base nos critArios que vocA forneceu. Aqui estA a anAlise:

1611510267577344005, SIM
1595205300549713921, NAO
1622694993835204608, NAO
1612187768687296512, SIM
1588379512416309253, SIM

Cada tweet foi avaliado individualmente com base em seu conteAdo e contexto. Os tweets foram rotulados como SIM se contiverem ataques A identidade ou ameaAas, e NAO se nAo contiverem linguagem ou conteAdo que se enquadre nos critArios de 'SIM'. Lembre-se de que essa anAlise A hipotAtica e baseada apenas nos exemplos fornecidos.
1589370535901024256,SIM
1612491065281363968,SIM
1587566084911153153,SIM
1588279588832292864,SIM
1588167907623714816,SIM
1587906966642655232,SIM
1613993309763997728,NAO
1614741589959516160,NAO
1609565465780666370,NAO
1612252928269746176,SIM
1589260192201703424,SIM
1603187042716110851,NAO
1587571592384708610,NAO
1589438227467096064,SIM
1588488806860460032,SIM
Aqui estA a rotulagem dos tweets com base nos critArios fornecidos:

1612259663248080896, NAO
1591543954864234496, NAO
1608183262576246786, SIM
1587542624335962113, NAO
1587416301936443392, NAO
1587523095514025985,SIM
1614024620788572160,NAO
1590061381117939712,NAO
1587458290044538881,SIM
1587813744519815169,NAO
Os tweets fornecidos devem ser avaliados de acordo com os critArios estabelecidos. Aqui estA a rotulagem com base nos tweets fornecidos:

1601699104908021760,SIM
1612257841712185357,NAO
1612910523867357184,INCONCLUSIVO
1587381174321778688,SIM
1602997139315257345,SIM
Rotulagem dos tweets:

1620794269173964801,NAO
1587444153788547072,NAO
1601728439572385792,SIM
1613685769952010241,SIM
1589617005178810369,NAO
ID do Tweet,RAtulo
1612184305911865344,SIM
1587463466847281152,SIM
1606658437030494211,NAO
1611624204884901888,NAO
1612959262912790529,SIM
1612186578574577668, NAO
1591749621277417472, NAO
1612498566857035798, NAO
1612250620521488385, NAO
1612737980493402112, SIM
1587569295999082498, SIM
1612748591855984642, NAO
1612205778504482821, NAO
1596948678174216193, SIM
1588872048910438401, SIM
1588091101805793281,SIM
1587545559522484224,SIM
1615127580654313472,NAO
1587792564123475969,SIM
1606618007563915264,SIM
1589146304650702848,SIM
1588160186069524481,NAO
1587444512305168384,SIM
1589443389178925056,SIM
1612274765913362432,SIM
1612861061237018624,SIM
1612657399378358275,SIM
1587953799473381377,NAO
1613008219080921089,NAO
1588540653658845187,INCONCLUSIVO
Avaliando os tweets com base nos critArios fornecidos:

1. 1602530883331833857, NAO
2. 1612193337284481031, NAO
3. 1588362016972210176, NAO
4. 1613123929601613824, NAO
5. 1588305868558569472, NAO
1587943089922080770,SIM
1587829254036889605,SIM
1587525214279467010,SIM
1587920969880018947,NAO
1587487122541449216,NAO
Aqui estA a rotulagem dos tweets com base nos critArios fornecidos:

1587891324421799937,SIM
1612428438366830595,NAO
1612183711264690178,SIM
1587907178903511041,SIM
1612185676438544392,NAO
1587891106376781826,SIM
1592300086616547328,SIM
1603816238664253445,NAO
1602576128128040960,SIM
1612187465086902276,NAO
1587966139069612034, NAO
1611883349840171009, SIM
1587475382042853381, NAO
1588099131343609856, SIM
1612416154974183424, NAO
Aqui estA a rotulagem dos tweets com base nos critArios fornecidos:

csv
1587533776879554564,SIM
1587860951797202945,SIM
1612926648935976961,NAO
1587561377899634689,SIM
1587433263433498626,SIM

1590623932079828992,NAO
1587532849720205312,SIM
1612249523681738755,NAO
1587498211769475072,SIM
1589653151241891840,SIM
VocA forneceu tweets para avaliaAAo, mas nAo incluiu o ID de cada tweet especificamente. Para fornecer uma resposta precisa e rotular os tweets com base nos critArios fornecidos, eu precisaria dos IDs dos tweets. Por favor, forneAa os IDs dos tweets que vocA gostaria que fossem avaliados e rotulados.
1587944470322053121,SIM
1587436791530938368,SIM
1587989774513610753,SIM
1612161883867590658,SIM
1612117663773331456,SIM
Como um modelo de linguagem, nAo tenho a capacidade de acessar conteAdos externos em tempo real, incluindo URLs ou tweets especAficos. No entanto, posso fornecer um exemplo de como vocA poderia rotular os tweets com base nos critArios fornecidos. Vou analisar os tweets fornecidos no contexto e rotulA-los conforme os critArios de SIM, NAO ou INCONCLUSIVO.

1619066251246202880, Agora SIM tem que instalar a CPI das ManifestaAAes. https://t.co/lYX6qKsheL
SIM: Este tweet sugere a criaAAo de uma CPI para investigar manifestaAAes, o que pode ser interpretado como uma forma de ataque A identidade ou ameaAa ao contexto das manifestaAAes e eventos de 8 de janeiro.

1612474938035765249, Por causa dos radicais, os intervencionistas, pessoas de bem foram levadas presas. Isso em manifestaAAes pacAficas. https://t.co/MhaBBvfUAI
SIM: O tweet faz referAncia a intervencionistas e menciona pessoas de bem sendo presas em manifestaAAes pacAficas, o que pode ser considerado uma forma de ataque A identidade ou ameaAa, dependendo do contexto mais amplo e da intenAAo por trAs da mensagem.

1612208206255726598, @cirogomes SA para deixar claro, se o Ciro, por um milagre de JeovA, fosse presidente isso tambAm iria acontecer, os golpistas estAo pedindo intervenAAo militar nAo qur o Ciro seja presidente...
SIM: A menAAo de
1587560535976992771, SIM
1602622619496349697, SIM
1610120685350752257, SIM
1613175262132281347, NAO
1613111192821682176, NAO
1587879679268192261,NAO
1588312786790412291,SIM
1588153820370067456,SIM
1612463228008685570,SIM
1587301842681217025,NAO
Tweet ID,RAtulo
1612215688659337216,NAO
1612224952903651328,SIM
1588500165291569154,NAO
1613015623361040385,SIM
1612862652178632704,SIM
Avaliando os tweets fornecidos no contexto das eleiAAes brasileiras de 2022 e dos eventos de 8 de janeiro com ataque ao PalAcio do Planalto, Congresso, STF e Senado Federal, com base nos critArios de rotulagem fornecidos, os tweets sAo rotulados da seguinte forma:

1612206214405914626, SIM: Este tweet sugere que os manifestantes sAo insatisfeitos que praticaram atos terroristas em BrasAlia, o que pode ser interpretado como um ataque A identidade ou uma ameaAa, dependendo da interpretaAAo.
1612617708369244160, SIM: Este tweet menciona intervenAAo militar, o que pode ser interpretado como uma ameaAa A ordem institucional ou apoio a ideologias autoritArias.
1587881235019284480, SIM: Este tweet menciona intervenAAo zumbi, o que pode ser interpretado como uma ameaAa ou glorificaAAo de figuras histAricas associadas A violAncia extrema ou violaAAo dos direitos humanos e sociais.
1588016572551106561, NAO: Este tweet nAo contAm linguagem ou conteAdo que se enquadre nos critArios de ataques A identidade ou ameaAas.
1615913131305230338, NAO: Este tweet nAo contAm linguagem ou conteAdo que se enquadre nos critArios de ataques A identidade ou ameaAas, e parece ser uma pergunta sobre um pronunciamento de um ex-ministro do GSI sobre a invasAo de
1614269573276266496,SIM
1620995759674982400,SIM
1612242876963979264,SIM
1588278741066690560,NAO
1588258960477683712,SIM
Aqui estA a avaliaAAo e rotulagem dos tweets com base nos critArios fornecidos:

1612247399405322241, SIM
1587449148730744832, NAO
1612192109045456911, SIM
1609397663639773184, SIM
1612466399896801281, NAO
Como um modelo de linguagem, nAo tenho acesso direto ao Twitter ou a capacidade de verificar a autenticidade de tweets em tempo real ou acessar conteAdo externo. No entanto, posso fornecer uma anAlise baseada nos critArios que vocA forneceu, considerando o texto que vocA forneceu. Aqui estAo os rAtulos para os tweets fornecidos:

1591500203340795906, NAO
1614638183429603328, SIM
1587965304596058113, NAO
1612203560925646849, NAO
1587540933616222209, NAO

ObservaAAes:
O tweet com o ID 1591500203340795906 menciona BrazilWasStolen, o que poderia ser interpretado como uma crAtica polAtica, mas sem conteAdo que se enquadre nos critArios de ataque A identidade ou ameaAas.
O tweet com o ID 1614638183429603328 faz uma referAncia a intervenAAo militar e terrorista golpista, o que poderia ser considerado uma ameaAa ou promoAAo de ideias extremistas.
O tweet com o ID 1587965304596058113 critica manifestaAAes em frente a quartAis do ExArcito, mas nAo contAm ataques A identidade ou ameaAas.
O tweet com o ID 1612203560925646849 repudia atos antidemocrAticos, o que nAo se enquadra nos critArios de ata
Avaliando os tweets fornecidos no contexto das eleiAAes brasileiras de 2022 e os eventos de 8 de janeiro com ataque ao PalAcio do Planalto, Congresso, STF e Senado Federal, com base nos critArios estabelecidos, os rAtulos seriam os seguintes:

1613644885466259458, NAO
1615342103323615232, SIM
1588699082612436993, NAO
1589933123437219842, SIM
1589725241282289664, NAO

Os tweets rotulados como SIM indicam conteAdo que pode ser interpretado como promovendo ideias autoritArias ou glorificando figuras associadas A violAncia extrema, enquanto os tweets rotulados como NAO nAo se enquadram nos critArios de ataques A identidade ou ameaAas.
Aqui estA a avaliaAAo dos tweets com os rAtulos correspondentes, seguindo os critArios fornecidos:

1588265222292529152,SIM
1607524388412309508,SIM
1587389699995451395,NAO
1603530381755645952,SIM
1590689456138641408,SIM
Para avaliar os tweets e rotulA-los de acordo com os critArios fornecidos, vou analisar o conteAdo de cada tweet em relaAAo As eleiAAes brasileiras de 2022 e os eventos do dia 8 de janeiro, com ataques ao PalAcio do Planalto, Congresso, STF e Senado Federal. Aqui estA o rAtulo para cada tweet, seguido pelo ID do tweet, conforme solicitado:

1. 1617955866933866496,NAO
2. 1587438982966689794,SIM
3. 1600673637475958785,NAO
4. 1612174822158782464,SIM
5. 1613552505819889665,SIM

Esta A a saAda em formato CSV, conforme instruAdo.
1587544102651953153,SIM
1609174876169936896,NAO
1589236879227904001,NAO
1590019081058791426,SIM
1594043719681863680,SIM
Como um LLM, nAo tenho a capacidade de acessar ou interagir com redes sociais em tempo real, nem posso acessar conteAdo externo ou tweets especAficos apAs a minha data de corte de conhecimento em meados de 2023. Portanto, nAo posso avaliar os tweets fornecidos na sua solicitaAAo. No entanto, posso fornecer uma explicaAAo detalhada dos critArios de rotulagem que vocA forneceu e como eles poderiam ser aplicados a um conjunto de tweets hipotAticos, se fosse possAvel acessar o conteAdo.

Os critArios de rotulagem que vocA forneceu sAo claros e diretos, focando em ataques A identidade ou ameaAas, especificamente no contexto das eleiAAes brasileiras de 2022 e dos eventos de 8 de janeiro, quando houve um ataque ao PalAcio do Planalto, Congresso, STF e Senado Federal. Aqui estA como os critArios poderiam ser aplicados a um conjunto de tweets hipotAticos:

1. Ataques A Identidade: Se um tweet contAm linguagem ou conteAdo que ataca, discrimina, marginaliza ou mostra hostilidade/intolerAncia com base em grupo, sociedade, etnia, religiAo, gAnero, etc., ele seria rotulado como SIM. Por exemplo, um tweet que use linguagem racista ou sexista seria considerado um ataque A identidade.

2. AmeaAas: Se um tweet promove, incentiva ou glorifica o rompimento da ordem institucional, atos de violAncia, ideologias violentas ou figuras histAricas associadas A violAncia extrema ou violaAAo dos direitos humanos e sociais, seria rotulado como SIM. Por
Aqui estA a avaliaAAo dos tweets com base nos critArios fornecidos:

1587382338706718720, SIM
1587949019749384193, NAO
1609152302262149121, SIM
1587467871168364548, NAO
1589377665102139392, SIM
1620241826996445184,SIM
1612413171515498497,NAO
1591719235008737280,NAO
1591031044509241344,NAO
1612619786357194752,SIM
1589317006389522433,SIM
1590319578382422016,NAO
1602690403886669824,SIM
1590512965908062210,NAO
1613178481906712577,SIM
1613159824090431488,SIM
1589239951056850944,NAO
1598227183704719360,SIM
1603375446904967168,SIM
1602627755774017539,NAO
Avaliando os tweets fornecidos, os rAtulos de acordo com os critArios estabelecidos sAo:

1612258530916012032, SIM
1613765290969399298, NAO
1587532924550889478, NAO
1587459556048883712, SIM
1593044139859660801, NAO

Este formato CSV atende ao pedido de saAda fornecido nas instruAAes.
Avaliando os tweets conforme os critArios estabelecidos, temos o seguinte resultado:

1615930634660360192: O tweet parece conter uma ameaAa implAcita e um ataque A identidade, jA que menciona financiadores do ataque a BrasAlia e antigo dono em um contexto que sugere retaliaAAo ou aAAo contra indivAduos especAficos.  SIM
1608855441869770753: Este tweet contAm uma ameaAa explAcita e promove a violAncia, alAm de expressar hostilidade em relaAAo a um grupo especAfico.  SIM
1587444399285444608: O tweet A claramente um ataque A identidade, discrimina e marginaliza um grupo especAfico, alAm de promover a violAncia.  SIM
1612276544096837632: Este tweet parece estar questionando ou criticando atos antidemocrAticos, mas nAo promove violAncia nem intolerAncia.  NAO
1612945731916124166: O tweet A uma crAtica direta e ameaAadora, fazendo alusAo a um evento especAfico (a invasAo do CapitAlio) e promovendo a violAncia.  SIM

Os rAtulos acima estAo em conformidade com os critArios de rotulagem fornecidos e o contexto dos tweets.
1602601908149043201,SIM
1587487653783638016,NAO
1612247893460623362,SIM
1588340652571766784,SIM
1591630101422428161,NAO
1606026688013381635,NAO
1588001332534939648,SIM
1589716508501868544,NAO
1587445207641071617,SIM
1587584399352422400,NAO
1587863791949283333,SIM
1603382657026498560,SIM
1612620521379893249,NAO
1590512938556993536,NAO
1587809441419763713,SIM
Aqui estAo os tweets avaliados e rotulados com base nos critArios fornecidos:

1612448884302684161,SIM
1607313235052576768,NAO
1612882295299674112,NAO
1602814298782318596,NAO
1589631848795107329,SIM
1615450333336985610, NAO
1588206902273515524, NAO
1615265223480410113, SIM
1591562831249707008, NAO
1610356539025399814, NAO
id, rAtulo
1590153933284323328, NAO
1587455722622787585, SIM
1588152827225980932, NAO
1611361132186329090, SIM
1613339630421565446,SIM
1615434772225970177,SIM
1590536059838156801,SIM
1614853173084143616,NAO
1612536433792655372,SIM
1612496359738810368,NAO
1607388020851806209,NAO
1614557119499456512,SIM
1612879154831134723,NAO
1602270936182431744,NAO
Para avaliar os tweets, preciso do conteAdo completo de cada um deles, incluindo as respostas e interaAAes que contenham linguagem ou conteAdo que ataque a identidade ou faAa ameaAas, no contexto das eleiAAes brasileiras de 2022 e dos eventos de 8 de janeiro com ataque ao PalAcio do Planalto, Congresso, STF e Senado Federal.

Infelizmente, como um modelo de linguagem, nAo tenho acesso a plataformas externas como o Twitter para verificar tweets em tempo real ou acessar conteAdos que nAo foram fornecidos na sua mensagem. Se vocA puder fornecer os tweets completos e seus respectivos IDs, poderei ajudA-lo a rotulA-los com base nos critArios que vocA estabeleceu.
1587941209745620993,SIM
1602760446485753856,SIM
1622972723059372033,SIM
1588153016796020741,SIM
1605402095288467457,NAO
Aqui estA a avaliaAAo dos tweets com base nos critArios fornecidos:

1587544481917800448, NAO
1612530954806894600, NAO
1609637579330318338, NAO
1587847296141885440, SIM
1617700518025121792, INCONCLUSIVO
Avaliando os tweets com base nos critArios fornecidos, temos o seguinte resultado:

1589807869029154817, NAO
1588033157806235656, SIM
1610729131339141120, NAO
1602679678749343744, NAO
1614208705343664128, NAO

O formato CSV com os IDs dos tweets e os rAtulos estA apresentado acima.
1587443306048397312,SIM
1604981379728830464,SIM
1608524641940676610,SIM
1603242936803655689,INCONCLUSIVO
1587437807747768320,SIM
1587472141334839298,SIM
1611791050451845122,NAO
1587941111544152066,SIM
1605327771848380420,NAO
1612205590591463425,SIM
1603022289490042886,NAO
1587766068445077506,SIM
1611912958333919232,SIM
1606585729584439296,SIM
1591751122011787264,SIM
1616839127319867397,SIM
1611373729455415298,SIM
1587763463807553537,NAO
1609064809496203268,NAO
1588858172319895552,SIM
1587524537503080449,NAO
1622107729149022209,SIM
1612600757785661440,SIM
1591485258079297536,INCONCLUSIVO
1612244935209803776,NAO
1589957269428764672,SIM
1587539519154388995,NAO
1587455820991692801,SIM
1588692342189740033,NAO
1589408734518087680,SIM
1613041551608889344,SIM
1612540866236653594,NAO
1613272322743627777,SIM
1621618970670276611,NAO
1612123295423291395,NAO
1606860983816884226,SIM
1612363746512441346,INCONCLUSIVO
1617865160223514625,NAO
1609881553902895104,NAO
1612258376829870081,SIM
Tweet 1588529816575279104,  NAO
Tweet 1587561956822716422,  SIM
Tweet 1612592468641419275,  SIM
Tweet 1615464231884980224,  SIM
Tweet 1589424481734660097,  NAO
1589606280544387073,SIM
1590697311050813444,NAO
1607397345964052481,SIM
1588322226234875905,NAO
1608091848018370560,NAO
1609159531950641155,SIM
1594529354721427458,SIM
1587669256229076993,SIM
1613462617728901126,NAO
1588062622074535936,SIM
1589246214951686145,NAO
1612274374106841088,SIM
1602630760648826882,NAO
1587541880480350208,NAO
1611758035290165253,NAO
1613570646113492992, SIM
1589427722778210305, NAO
1605299369749712899, NAO
1614984815790493699, NAO
1613197443192979457, INCONCLUSIVO
Avaliei os tweets e seus conteAdos com base nos critArios fornecidos. Aqui estA a rotulagem para cada tweet:

1612258105823199232,NAO
1612244377761648641,SIM
1587848562511077378,NAO
1601681883493851137,NAO
1617358591408717824,NAO
1612307548438151168,SIM
1603018432412278784,NAO
1607179613972611072,SIM
1612453824656019456,NAO
1602065794124464128,NAO
Aqui estA a avaliaAAo e rotulagem dos tweets fornecidos com base nos critArios fornecidos:

1587493641169297409,NAO
1587617222033346561,NAO
1615658142901342208,NAO
1612196134146949121,SIM
1587922660985561088,SIM
Avaliando os tweets com base nos critArios fornecidos, temos o seguinte:

1620486565230424065, NAO
1589039496938418176, NAO
1612248750629523459, SIM
1612466983261331456, INCONCLUSIVO
1589352895417585664, NAO

A saAda no formato CSV seria:

1620486565230424065,NAO
1589039496938418176,NAO
1612248750629523459,SIM
1612466983261331456,INCONCLUSIVO
1589352895417585664,NAO
1602939037953712129,SIM
1597686159244922880,NAO
1587495867904401408,SIM
1601676002048212993,SIM
1612406192835547137,SIM
Avaliando os tweets com base nos critArios fornecidos, temos o seguinte resultado:

1587916701621968899,SIM
1587829213788348429,NAO
1602476478989586433,SIM
1589390595654492160,NAO
1597733241142018048,NAO
Avaliando os tweets fornecidos e utilizando os critArios de rotulagem fornecidos, aqui estAo os rAtulos correspondentes:

1622644284385001472, SIM
1590705645116096514, SIM
1618195477572489216, NAO
1602728869227790339, SIM
1622694400391319561, SIM

1602658630473551875,SIM
1589706231689928704,NAO
1587411276396896258,NAO
1588712228068659201,SIM
1612233937853480960,SIM

Para avaliar os tweets e aplicar os rAtulos, A necessArio considerar o contexto e o conteAdo de cada mensagem. Aqui estA o resultado da avaliaAAo:

1590280639667847168, NAO
1587910118754115593, SIM
1587418245195304961, SIM
1604598677112233985, NAO
1612202524588523523, NAO

Em formato CSV, o resultado seria:

1590280639667847168,NAO
1587910118754115593,SIM
1587418245195304961,SIM
1604598677112233985,NAO
1612202524588523523,NAO
1589041093340852225, NAO
1589363302513401858, SIM
1608461876127465473, SIM
1602500106627997696, NAO
1590385894405836801, NAO
Aqui estA a avaliaAAo dos tweets com base nos critArios fornecidos:

1587934419087724544, SIM
1589149423321624576, NAO
1587623343297011719, NAO
1614601380357971968, SIM
1588105082528202752, NAO
1596963479340351488,NAO
1612167647038443521,NAO
1589811261247660033,INCONCLUSIVO
1622045994731900929,NAO
1602516770501591041,NAO
Os tweets fornecidos serAo avaliados de acordo com os critArios estabelecidos. Aqui estAo os rAtulos correspondentes:

1612182415627231233, SIM
1589799460703727616, NAO
1612207380472942592, NAO
1590383217693294592, NAO
1608650791707107334, NAO

Estes rAtulos devem ser interpretados da seguinte maneira:
1612182415627231233 contAm uma afirmaAAo que parece sugerir aAAes terroristas e apoio ao impeachment do governador, o que pode ser considerado uma ameaAa ou ataque A ordem institucional.
1589799460703727616 contAm uma crAtica pessoal e um apelo ao espelho, o que nAo se enquadra nos critArios de ataque A identidade ou ameaAa.
Os tweets com IDs 1612207380472942592, 1590383217693294592 e 1608650791707107334 nAo contAm linguagem ou conteAdo que se enquadre nos critArios de 'SIM', pois sAo apenas relatos, crAticas ou manifestaAAes polAticas sem incitaAAo direta A violAncia ou intolerAncia.

Por favor, note que a avaliaAAo A baseada apenas no conteAdo fornecido e pode haver interpretaAAes subjetivas.
Como sou um modelo de linguagem e nAo tenho acesso A internet em tempo real ou a capacidade de acompanhar eventos em tempo real, nAo posso avaliar tweets especAficos ou acessar conteAdo externo apAs a data de corte do meu treinamento, que A meados de 2023.

No entanto, posso fornecer orientaAAes gerais sobre como vocA poderia avaliar os tweets com base nos critArios que vocA forneceu. Para cada tweet, vocA precisaria considerar o contexto, a intenAAo do autor e a natureza especAfica das mensagens. Aqui estAo algumas perguntas que vocA poderia se fazer para ajudar na avaliaAAo:

1. O tweet contAm linguagem ou conteAdo que poderia ser considerado um ataque A identidade de alguAm com base em grupo, sociedade, etnia, religiAo, gAnero, etc.?
2. O tweet promove, incentiva ou glorifica o rompimento da ordem institucional, atos de violAncia, ideologias violentas ou figuras histAricas associadas A violAncia extrema ou violaAAo dos direitos humanos e sociais?
3. O tweet A meramente informativo, sem conteAdo que sugira estAmulo ou motivaAAo para aAAes violentas ou intolerantes?

Ao responder a essas perguntas para cada tweet, vocA poderA rotulA-los de acordo com os critArios fornecidos. Lembre-se de que a avaliaAAo deve ser cuidadosa e considerar tanto a intenAAo quanto o impacto potencial das mensagens.
Como um modelo de linguagem, nAo tenho acesso direto a conteAdos externos, como tweets, para avaliar e rotular. No entanto, posso ajudar a demonstrar como vocA poderia rotular os tweets com base nos critArios que vocA forneceu. Para cada tweet, vocA precisarA analisar o conteAdo e determinar se ele se enquadra nos critArios de SIM, NAO ou INCONCLUSIVO. Aqui estA um exemplo de como vocA poderia fazer isso para os tweets fornecidos:

1. Tweet: As pessoas que estAo pedindo intervenAAo militar, nAo tem a mAnima ideia de histAria, nunca viveu uma intervenAAo militar ou era um privilegiado durante o perAodo que existiu.
   RotulaAAo: SIM
   Justificativa: Este tweet sugere que as pessoas que pedem intervenAAo militar nAo entendem as consequAncias histAricas de tal aAAo, o que pode ser interpretado como um ataque A identidade ou ignorAncia dos indivAduos que defendem esse ponto de vista.

2. Tweet: Chegou a intervenAAo militar tAo desejada, kkkkkkk https://t.co/h7NOEojusj
   RotulaAAo: SIM
   Tweet: A inconcebAvel achar que tinha infiltrados esquerdistas naquele dia. Bolsonar@ A o maior responsAvel por esses atos antidemocrAticos.
   RotulaAAo: NAO
   
1587891264074063872,NAO
1587430582849511425,SIM
1591520601654857728,NAO
1623043229972107291,NAO
1604064209486155778,NAO

1612230065785376772,SIM
1612790785505742848,SIM
1612180722785341441,NAO
1613918139934187523,NAO
1587432497985486848,NAO
1587829390670409730,SIM
1587900201167200256,SIM
1604282964933746694,NAO
1588549302527623168,SIM
1604062899189813250,SIM

1588961970958774272,NAO
1590772780941082625,SIM
1612086373896392705,SIM
1612861483750232065,SIM
1588167905916506114,NAO
1612180609622753285,SIM
1587473042418040834,NAO
1589179212552114177,SIM
1617508967168761856,NAO
1613023704094769153,SIM

1603776126337388544, SIM


1587963929845800962, SIM


1589701409142099968, NAO


1621590287226228736, SIM


1587956259189411841,NAO

1604655019382669312,NAO

1613147211419754496,NAO

1611750690015117313,NAO

1612230793862021121,SIM
1587956259189411841,NAO
1604655019382669312,NAO
1613147211419754496,NAO
1611750690015117313,NAO
1612230793862021121,SIM

1590480558794371072,NAO
1587946367745400838,SIM
1612619854313574400,NAO
1605340489217347585,NAO
1612805421294649344,SIM

1607870051440381952,NAO
1587441284444479490,NAO
1614017399098953758,NAO
1587410828562669568,SIM
1587966158803816449,NAO
1587454980277026817,SIM
1607847719028289538,NAO
1604456235289526274,SIM
1613511764154646531,SIM
1613606083481698313,SIM
1607506817600339969,NAO
1612570518254768134,NAO
1588957430787977216,NAO
1611904141126672386,NAO
1602653983109255170,NAO

1603303116178427905, SIM
1612511756189925376, NAO
1587896094603808768, SIM
1612606384364732416, NAO
1590353020906528768, SIM

1607848770955509761, SIM
1613704228316356609, NAO
1613164225953947648, SIM
1613303359041146884, NAO
1589975462968954881, SIM

1604797296553574402,NAO
1612273306773688324,SIM
1602587801601675264,SIM
1587535094201327620,NAO
1612182832381677571,NAO

1587917834604072961,SIM
1587392218364624896,SIM

1618680996173602816,NAO
1587439712138149889,SIM
1587
1607848125074444288,SIM
1587335199293161474,SIM
1613853419936141312,SIM
1587413981131571200,SIM
1612173088321421314,SIM
1587855258042060800,SIM
1587561846340476930,NAO
1605175335058046976,SIM
1622112240445923328,NAO
1587762362928562177,SIM

1589294116495822849,NAO
1612940765839114240,SIM
1616139140873031681,SIM
1587580697467883526,SIM
1589427675189641217,SIM

1610750005731643394,SIM
1587532686683701248,NAO
1587816757271617542,NAO
1587522164722393089,SIM
1587915124274528257,SIM
1602638720347275267, SIM
1612406795602993155, NAO
1612511481941090311, SIM
1616068825757421568, NAO
1587960627678560259,SIM
1616311661614305280,NAO
1587465696832880645,SIM
1607048387979022337,SIM
1611826662173294599,SIM

1612152257121849344,SIM
1614643374815907840,SIM
1601585878631337984,SIM
1612372969627725824,NAO
1589420372361105408,NAO

1609563160880582656, SIM
1587606882440675328, NAO
1613161951886213121, SIM
1607443864205361155, NAO
1588246352873418753, SIM
1613233500064210944,SIM
1589432694412541953,NAO
1621911162790023169,SIM
1610745986246230018,SIM
1594787891150221313,SIM


1613233500064210944,SIM
1589432694412541953,NAO 
1621911162790023169,SIM 
1610745986246230018,SIM 
159478789115022
1590157186625605632,SIM
1615340183666450432,NAO
1587469181137690626,SIM
1591167672792018946,SIM
1587881732417937408,NAO
1589030727718293504,SIM
1602451681413062657,NAO
1602634324687429632,SIM
1614072318887706624,SIM
1587830190264098816,NAO
1587525365290909696,SIM
1607518690336972801,SIM
1590026252093919232,SIM
1613175831920054273,SIM
1612530149114667034,SIM
1588925497425424385,SIM
1593046588683087872,NAO
1591459234595885056,SIM
1607394866882822144,NAO
1603103867377328129,NAO
1612462081646772224,NAO
1590646619707691008,NAO
1589266718605856768,NAO
1606469694080303104,SIM
1614565952439320579,NAO
1612532658596093968, SIM
1587468793885954050, NAO
1608468550297026563, NAO
1612956867445104641, SIM
1612860546277335041, SIM
1587566823611957250, NAO
1587884248953892865, NAO
1589209844539883520, SIM
1589231440671440896, SIM
1587868443159793667, NAO
1587400378043305986,NAO
1612172812562612229,SIM
1587302008410849282,NAO
1587552209901862914,NAO
1614740330259312640,NAO
1613124835143458819,SIM
1588355578921111553,NAO
1612209196988071936,NAO
1587442648234840064,SIM
1588915425555124227,NAO
1609029552021331968,SIM
1587900249615605761,SIM
1587913930990493696,NAO
1612066995712696327,NAO
1588256136914169856,NAO
1587761367536353286,SIM
1609133539060076544,NAO
1613144749367595009,SIM
1613603635241287691,SIM
1589602424561766405,NAO
1591595310169878528,SIM
1602634090087387138,SIM
1587629458474795010,NAO
1605511466320134145,SIM
1613618372305948674,SIM
1609749015759052800,NAO
1612176397505544193,SIM
1588186479544700929,NAO
1612467639904833538,SIM
1604825423556263936,NAO

1588369312922103808,SIM
1622600557910269953,SIM
1587526719027773441,NAO
1604469532827226113,INCONCLUSIVO
1597956175789977600,SIM
1587437076475150338,NAO
1614081576840884225,INCONCLUSIVO
1611881017077268480,SIM
1587938078940745730,NAO
1590686945016827904,NAO

1588154608739913733,  SIM
1612423765782036480,  SIM
1612193948730281990,  NAO
1612318307641708544,  NAO
1587827388779560965,  INCONCLUSIVO

1588154608739913733,SIM
1612423765782036480,SIM
1612193948730281990,NAO
1612318307641708544,NAO
1587827388779560965,INCONCLUSIVO

1610363175932932096,SIM
1589447930024726528,SIM
1589356723810467840,NAO
1589564840666071041,SIM
1612241868191932417,NAO

1617126263193309187, NAO
1613478412131115008, NAO
1590315987454529536, NAO
1588354898617585664, NAO
1612261764275527681, NAO

1612226498743894018, SIM
1587936339856879617, SIM
1604674605091852288, SIM
1604308064433147904, NAO
1603044392507510785, SIM
1616464820911616000, NAO
1621178532243345410, SIM
1587454295313555456, INCONCLUSIVO
1604483168639537152, NAO

1603044392507510785,SIM
1616464820911616000,NAO
1621178532243345410,SIM
1587454295313555456,INCONCLUSIVO
1604483168639537152,NAO
1593414038901477376, SIM
1587431610714099713, NAO
1588645548583972870, SIM
1611851435347419136, SIM
1587689437970010118, NAO
1587460635885019136,SIM
1589659401056460800,NAO
1617043194293665792,SIM
1616785991154667524,SIM
1587457773893197831,NAO
1612501033481080862,SIM
1612229055239131136,NAO
1605036406157492225,NAO
1614390200104357889,SIM
1612248050814128128,SIM
1609572065765359618,SIM
1612409666998501378,NAO
1607590314990084097,NAO
1612423314399531014,SIM
