text,id,media,rotulo_maritaca
"@Jaarden1 @pietervandenoe5 Dit is een gerucht en gaat over eind 2023. <https://t.co/fZUAaVuEOZ>",1588137964827279364,0.0029957788",N√ÉO
"Mato Grosso\nDa capital do agroneg√≥cio brasileiro, Sorriso, no Mato Grosso, vem um dos principais articuladores das manifesta√ß√µes antidemocr√°ticas no pa√≠s, o empres√°rio Argino Bedin, produtor rural que √© chamado de "pai da soja" na regi√£o.",1593629710591741952,0.00013205485,N√ÉO
""" O Artigo 10 da Lei dos Direitos Humanos protege seu direito de ter suas pr√≥prias opini√µes e de express√°-las livremente sem interfer√™ncia do governo.\n\nIsso inclui o direito de expressar suas opini√µes em voz alta (por exemplo, por meio de protestos e manifesta√ß√µes p√∫blicas)",1619288106984931328,0.00089237055,N√ÉO
"espero q esses bolsonaristas sem vergonha tomem um tiro de airsoft no meio do cu, vagabundo safados, pq n√£o fazem interven√ß√£o militar na casa do caralho <https://t.co/7q7IrmseRU>",1612290188859801603,0.98470187,SIM
"Bolsonaristas seus filho da puta, j√° chega, agora minha mulher t√° preocupada com interven√ß√£o militar\n\nCHEGA PRA VOC√äS, DEIXARAM MINHA MULHER PREOCUPADA EU VOU ARRANCAR O CU DE VCS SEUS SAFADOS, VAO TRABALHAR SEUS VADIOS",1587473974107193344,0.97732079,SIM
"Tem q meter √© muita bala na cara desses bando de filho da puta em Bras√≠lia. Golpistas, terroristas!",1612227491015393281,0.9760479,SIM
"üî¥üëâ Adem√°s, el gobernador bolsonarista de Brasilia, Ibaneis Rocha, fue apartado de su cargo por un periodo de 90 d√≠as, luego de que se revelara que, presuntamente, ten√≠a conocimiento del ataque a las instituciones.",1612534328348516355,0.0027043179249999,N√ÉO
"Se fosse negros brigando por respeito duvido que iam usar s√≥ √°gua neles igual nesses terroristas de Bras√≠lia, no m√≠nimo iam tacar bala neles",1612168005139456002,0.98470187,SIM
"Tomem bomba e bala seus vagabundos, bolsonaristas criminosos, terroristas!\nEsplanada! Bras√≠lia! Interven√ß√£o que vcs querem? Ter√£o! Cadeia √© muito pouco!",1612182108381892608,0.98470187,SIM
"Segundo informa√ß√µes; Jos√© M√∫cio disse que as manifesta√ß√µes s√£o leg√≠timas por serem pac√≠ficas.",1610646315888689152,0.0014254855,N√ÉO
"Capelli, un alto funcionario del Ministerio de Justicia, asumi√≥ el comando de todas las fuerzas de seguridad de Brasilia luego de que Luiz In√°cio Lula da Silva, ordenara una intervenci√≥n federal en el Distrito Federal para hacer frente al ataque de los seguidores de Bolsonaro.",1612448028492791815,0.002636942023,N√ÉO
"@Nelsinho\_Hoff @2006Rodrigho @MarironiM @GayerGus Estavam l√° fazendo o que? Exigindo golpe, pedindo interven√ß√£o militar em uma elei√ß√£o justa e democr√°tica? √â isso que esses idosos estavam fazendo l√°? Cadeia em todos eles. Fascistas nojentos. Que morram todos.",1612745951348772866,0.98470187,SIM
"pobre e preto jurando q vai ter interven√ß√£o militar, vai pro caralho maluco c√™ vai morrer kkkkkkjkkkk",1587369772823547905,0.98470187,SIM
"As manifesta√ß√µes est√£o ocorrendo por todo o pa√≠s, nossos comandantes precisam tomar uma decis√£o, n√£o podemos continuar por longo tempo nesta situa√ß√£o.",1589358743489167361,0.002886515,N√ÉO
"Porrada nesses terroristas de Bras√≠lia",1612207183436865536,0.98553735,SIM
"Quando aconteceu a invas√£o do capit√≥lio eu j√° sabia q ia acontecer no Brasil e infelizmente eu estava certo, brasileiro sempre querendo imitar as piores coisas do exterior\nGados est√∫pidos e imundos. Merecem bala no lombo. \n\nManifestantes burros em Bras√≠lia...",1612184629670281216,0.98470187,SIM
"procuradores e advogados em colegiado universal;\n9. N√£o ter participado de manifesta√ß√µes p√∫blicas com teor pol√≠tico;\n10. N√£o ter participado de dire√ß√£o de sindicato, conselhos de classe ou federa√ß√µes n√≥s √∫ltimos dez anos.",1614281426043641856,0.002128257,N√ÉO
"Bater em Professor, durante manifesta√ß√µes por melhores condi√ß√µes de trabalho e sal√°rios; e, matar pretos e pobres! <https://t.co/3Zyu8DlgYk>",1612248046485520385,0.98431622,SIM
"‚Ä¢ suas manifesta√ß√µes est√£o chegando. em um futuro pr√≥ximo voc√™ vai ver os resultados. persista;\n\n‚Ä¢ algumas instabilidades passageiras podem aparecer. fique tranquilo, voc√™ vai conseguir superar facilmente;\n\n‚Ä¢ casais estar√£o passando por uma nova fase mais est√°vel e clara.",1617618179739783170,0.00268408215,N√ÉO
"Oq eu quero ver √© a interven√ß√£o militar dando chute na bunda dos bolsominion",1609391312096169986,0.97664368,SIM
"üá∫üá∏ üá®üá≥ Senador do Missouri Eric Schmitt: ""Estou pedindo uma investiga√ß√£o e exigindo respostas do administrador Biden sobre por que um bal√£o espi√£o chin√™s foi autorizado a pairar sobre a infraestrutura militar cr√≠tica no Missouri e no interior dos EUA sem qualquer interven√ß√£o"".",1622825514191802369,0.000152084615,N√ÉO
"Bandidos terroristas Bolsonaristas est√£o queimando √¥nibus e carros, depredando e tentando invadir a sede da Pol√≠cia Federal em Bras√≠lia. \nComo s√£o terroristas, s√≥ levaram spray de pimenta na cara.\n\nSe fossem professores, levariam bala de borracha e bomba de g√°s lacrimog√™neo. <https://t.co/xdf9Rqzo3L>",1602677286184026113,0.98234112,SIM
"@AndreaDeCastro @lazarorosa25 <https://t.co/SjWq0gr6YS>",1618432929692266500,0.00299484147,N√ÉO
"La vicepresidenta de los EEUU Kamala Harris condena el ataque a instituciones gubernamentales en la capital brasile√±a, Brasilia, despu√©s de tomar juramento a la nueva embajadora de Estados Unidos en Brasil, Elizabeth Bagley.",1612972475570180096,0.002613912986,N√ÉO
"@nanaulopes Tivemos um grande fluxo de solicita√ß√µes devido as manifesta√ß√µes nas rodovias.\nPedimos desculpas, te chamamos no DM para auxili√°-lo.",1590401367889289217,0.002501371,N√ÉO
"@CelsoQuintas <https://t.co/iXPcgnklXJ>",1613515270177300480,0.00296050305,N√ÉO
"Anderson Torres, ex ministro de Justicia de Jair Bolsonaro, fue detenido este s√°bado en Brasilia en conexi√≥n con el violento ataque a la capital el 8 de enero, Torres fung√≠a como Secretario de Seguridad de la capital el d√≠a que miles arrasaron las sedes del poder p√∫blico.",1614674722519764993,0.002640272855,N√ÉO
"@GayerGus Na v√©spera do Natal a turma que vc defende tentou explodir uma bomba no aeroporto de Bras√≠lia.\n\nMataria crian√ßas, mulheres, idosos, todos inocentes.\n\nTerroristas, fascistas, milicianos!",1614375052429987842,0.976944595,SIM
"ENFIA ESSE NGC D INTERVEN√á√ÉO MILITAR NO CU BOLSONARISTAS V√ÉO TUDO SE FUDE ENFIA UMA TORA NO CU D CADA UM",1612227779373764608,0.97798727,SIM
"Ap√≥s o fracasso do governo Dutra, v√°rias manifesta√ß√µes do povo, de intelectuais e pol√≠ticos a favor do retorno de Get√∫lio (que havia se afastado da pol√≠tica como dito na aula anterior), faz com que Get√∫lio retorne √† cena e dispute as elei√ß√µes de 1950.",1612139391660527624,5.2877618e-05,N√ÉO
"O objetivo √© discutir e receber manifesta√ß√µes orais e escritas acerca da quarta norma do Regulamento das Concess√µes Rodovi√°rias (RCR 4).",1620403316231667712,0.00027073268,N√ÉO
"Ter√ßa-feira provavelmente Trump est√° de volta √† cena do congresso americano. Dia 9 sai o relat√≥rio, as manifesta√ß√µes vai surtir efeito.",1589743458356727808,0.0021031915,N√ÉO
"As manifesta√ß√µes nas rodovias de SC est√£o prejudicando o sistema de sa√∫de. De acordo com o governo do estado, os principais problemas est√£o na distribui√ß√£o de vacinas e medicamentos. Os ve√≠culos de transporte n√£o est√£o conseguindo chegar ao destino.",1587473927940587527,0.0028268078,N√ÉO
"@luglob20 @choquei bolsominios be like:\n bandido, vagabundo, preto e gay tem q mata, tem q libera arma pra mata, tem q ter interven√ß√£o militar pra mata, blablala ditadura pra mata\n\nbolsominions a semanas sem trabalha por pura paranoia e birra: oh mds q ato lindo, a policia esta oprimindo eles üò≠",1612230377963196417,0.98316877,SIM
"Sinto a falta de fuzil, umas bombas, e boa muni√ß√£o contra esses terroristas.\n\nBandido bom, √© bandido morto, espero que todos morram, bando de bandido filho da put@\n\n#brasilia #BolsonaroCovarde #Terrorismo <https://t.co/SX1teEy3Ru>",1612209066847117314,0.9751021,SIM
"VAGABUNDOS terroristas destruindo bras√≠lia. todo bolsonarista que chegar perto de mim vai levar um murro vou tratar como se fosse nazista",1612174109101760512,0.97875882,SIM
"boa tarde gente, tem que matar esses terroristas de Bras√≠lia a√≠ papo de enforcamento em pra√ßa p√∫blica e os caralho. bom domingo a todos",1612191827586580490,0.97913105,SIM
"""quero interven√ß√£o militar pra matar esses capetas petistas esse bando de satan√°s que votou no lula pra acabar com essa palha√ßada de mulher com mulher"" \n-Um homem de fam√≠lia, obreiro da igreja. https://t.co/aBBLO89uIn",1587974417174482944,0.98470187,SIM
"Brasilia anunci√≥ este lunes un fortalecimiento de la seguridad en las sedes de los poderes p√∫blicos vandalizadas el 8 de enero por seguidores del expresidente ultraderechista Jair Bolsonaro, al tiempo que las autoridades detuvieron a uno de los presuntos organizadores del ataque.",1615166425236127744,0.00283575335,N√ÉO
@MauMeirelles <https://t.co/2LPeuakY9T>,1587982444321558528,0.00288940783,N√ÉO
"Tem Q meter bala nesses terroristas ai de Bras√≠lia",1612208572309413889,0.98924732,SIM
"As emo√ß√µes determinam a forma como nos relacionamos com o mundo. Conhecer suas manifesta√ß√µes e fun√ß√µes pode atenuar o sofrimento ps√≠quico e ajuda a lidar melhor com as quest√µes do dia a dia.",1622394225928142848,0.0011830324,N√ÉO
"üöß Atualiza√ß√£o dos pontos com interdi√ß√£o de pista devido a manifesta√ß√µes populares:\n\n- BR-060/GO, km 101 (An√°polis);\n\n- BR-262/MG, km 368 (Juatuba);\n\n- BR-262/MG km 631 (Arax√°),autom√≥veis e ambul√¢ncias liberadas no sentido BH;\n\n- BR-262/MG km 694 (Arax√°).",1587439847022665731,0.0004697153,N√ÉO
"@abdiel_pazini N√£o gosto de nem um nem outro, todos tem que ser presos, terroristas principalmente porque s√£o perigosos, truculentos, temos mais de 2 mil em Bras√≠lia guardados na papuda e na colmeia, vamos endireitar este Brasil, chega de matar ind√≠genas, doentes de covid, famintos, negros",1619161912012578817,0.97629359,SIM
"Disse que n√£o ia falar de pol√≠tica, mas eu queria que houvesse uma interven√ß√£o militar em cima desses bolsobostas,.mandando bala em cima deles igual √© feito dentro das comunidades, mata eles tamb√©m u√©, s√£o arruaceiros, bederneiros e terroristas, mate eles igual muitos inocentes,",1612548375353630723,0.98924732,SIM
"voc√™s precisam perceber que, uma vez que voc√™ mude a concep√ß√£o de si mesmo, o mundo ao seu redor mudar√°. √© por isso que tantas pessoas obt√™m suas manifesta√ß√µes trabalhando em seu autoconceito.",1598252680870506498,0.0008492995,N√ÉO
"China üá®üá≥: Os protestos dos √∫ltimos dias, j√° s√£o as maiores manifesta√ß√µes contra o governo chin√™s desde 1989.",1598416607772278784,0.000298804925,N√ÉO
"Bolsonarista s√£o terroristas, merecem interven√ß√£o militar no rabo mesmo.",1612195523561246728,0.98126392,SIM
@reportersalles <https://t.co/cb9790mddu>,1590405125839126529,0.00296304773,N√ÉO
"bolsonaristas seus arrombados \nse meu biqu√≠ni da shein ficar preso na porra das manifesta√ß√µes eu vou matar voc√™s no soco porra \n√© inacredit√°vel que ainda tenha uns 20 desempregado que fica l√° sentado o dia inteiro, devem t√° fedendo a cu \nputos",1590354174663065603,0.9760479,SIM
"era s√≥ me dar um fuzil que eu resolvia o problema de Bras√≠lia rapidinho, tem que derrubar esses terroristas bolsonaristas desgra√ßados e ponto final",1612204467855982593,0.98470187,SIM
"Mesas de di√°logo, lan√ßamentos de livros, exposi√ß√µes de arte e artesanato, m√∫sica, poesia, samba, HipHop, capoeira e outras manifesta√ß√µes culturais ocuparam as ruas da "cidade heroica" √† beira do Rio Paragua√ßu.",1589768448715812864,0.00283575335,N√ÉO
"Queria ver tacarem bomba e bala nesses terroristas vagabundos em Bras√≠lia",1612228555559112705,0.9760479,SIM
"‚Ä¢ Tras el ataque en Brasilia, crecen las sospechas sobre el rol de polic√≠as y militares en un pa√≠s en el que las fuerzas de seguridad intervienen abiertamente en la disputa pol√≠tica",1613918416892469250,0.0027723942,N√ÉO
"Gleen para de ser burro , vc e seu marido s√£o homossexuais, se voc√™s tivesse la em Bras√≠lia na hora da invas√£o os bolsonaristas iriam dizer : deus , p√°tria e fam√≠lia, gays s√£o aberra√ß√£o completa, iriam matar voc√™s 2 sem d√∫vidas \nPense nisso e para de defender esses lixos",1615875778008256513,0.98003737,SIM
@MarcoComanche <https://t.co/qM1rX10dcm>,1605688342645022725,0.00300501295,N√ÉO
"@FaleiroAirton Coisa boa. Tomara que matem, destruam tudo. Acabem com Bras√≠lia. Bolsonaristas n√£o s√£o comunistas, terroristas, assassinos, ladr√µes, criminosos. ELES FALAM ISSO!",1602630413553438722,0.98470187,SIM
@LucianoGiusepp4 <https://t.co/JfbDfgoqfY> @MarciaP_RJ,1590916095434756096,0.00300085685,N√ÉO
"Bolsonaristas do caralho, tem que morrer umas pragas dessa... Vai pra rua pedir ""liberdade"" e ""interven√ß√£o militar"" sendo que s√£o coisas extremamente opostas. Vsf bando de pau no cu do caralho",1587602327854354432,0.98470187,SIM
@NadjaLopes2 <https://t.co/xHc1I84Zv3>,1612276560827924482,0.00300281975,N√ÉO
"Sala de situa√ß√£o da Secretaria da Sa√∫de monitora impactos das manifesta√ß√µes.\n\nO di√°logo realizado entre o Grupo de A√ß√µes Coordenadas (GRAC) e os manifestantes permitiu que os ve√≠culos da SES, com identifica√ß√£o, passassem pela barreiras.",1587927413131837440,0.00093089675,N√ÉO
"queria jogar uma bomba nos bolsominions q tao manifestando hoje pedindo a porra da interven√ß√£o militar e explodir todos eles",1587892806701326342,0.98661214,SIM
"Nada justifica <https://t.co/kvC8ubuqML>",1615431863807393793,0.00298178505,N√ÉO
"@drpaulofaria22 Exagero?\nExagero √© a PM bater recordes de balas perdidas em crian√ßas negras. Matar um homem com g√°s dentro de um cambur√£o, agredir professores em manifesta√ß√µes... VCS S√ÉO UMA CORJA DE SAFADOS!!!",1621936248158830599,0.97906527,SIM
"Que surpresa!!! <https://t.co/9ZiewELxmI>",1602394714841415697,0.0018036382,N√ÉO
"N√£o vai n√£o!\nSe n√£o houver interven√ß√£o Militar!\nN√≥s iremos toca fogo com todos os comunistas dentro desta merda!\nSe n√£o for para viver a P√°tria Livre! Vou morrer pelo meu Brasil! Mais antes mando para o inferno um milh√£o de Comunistas FDP! <https://t.co/bO0wLhlr2y> <https://t.co/azhXQSoQxn>",1609261381554937858,0.977275995,SIM
"Bando de imbecil do caralho est√£o protestando por interven√ß√£o militar, literalmente pelo direito de n√£o poderem mais protestar. Fascistas do caralho espero que morram na br",1587471960019189761,0.98470187,SIM
"üéà üá∫üá∏ üá®üá≥ Senador do Missouri Eric Schmitt: ""Estou pedindo uma investiga√ß√£o e exigindo respostas do administrador Biden sobre por que um bal√£o espi√£o chin√™s foi autorizado a pairar sobre a infraestrutura militar cr√≠tica no Missouri e no interior dos EUA sem qualquer interven√ß√£o""",1621867296418369537,0.00130321215,N√ÉO
"Eu autorizo matar os terroristas de Bras√≠lia, pelo amor!! ‚ù§Ô∏èüòªüòäüòç\n(√â meme)",1612232225755389953,0.9760479,SIM
"tinham que tomar mta bala, cassetete e g√°s na cara nesses terroristas em Bras√≠lia... e digo mais, pra machucar!!",1612396721320902657,0.9760479,SIM
"A rodovia BR-116/PR (Contorno Leste) apresenta fluxo normal em ambos os sentidos.\n\n-\n\n‚úÖ ATEN√á√ÉO! N√£o h√° pontos com bloqueios causados por manifesta√ß√µes ao longo das rodovias sob concess√£o da @Arteris_ALS.\n\n‚õÖTempo parcialmente nublado.",1612476014763933703,0.0007723759,N√ÉO
"esses bolsonazis de merda q t√£o tumultuando na BR e pedindo interven√ß√£o militar tem q tomar bomba de g√°s, tiro de borracha e cacetada pra aprender na pr√°tica o q √© o militarismo q eles tanto idolatram ü§Æü§Æü§Æ",1587570757508497409,0.97916877,SIM
interven√ß√£o militar ja!!! \npor favor mate todos os bolsonaristas ü•∞ü•∞,1590728514877423616,0.974615305,SIM
"Criminalizaram as manifesta√ß√µes contra o ladr√£o, agora o governador viado do RS, @EduardoLeite\_, quer prender quem foi do RS protestar em Bras√≠lia, morra engasgado com um pinto ditador desgra√ßado üñïüñïüñï.",1612938309575053312,0.97583547,SIM
"Em 2016, a origem marroquina do vilarejo foi contada no document√°rio ""Mazag√£o,<Mazag√£o,Porta do Mar"", do Gavin Andrews, que abordou as manifesta√ß√µes culturais, costumes e tradi√ß√µes do povo mazaganense.",1617572754693451776,7.334704e-06,N√ÉO
"@blijvendQRvrij Dat plaatje komt uit 2018. <https://t.co/NHMEqoPu0p>",1588101476400123904,0.00286404651,N√ÉO
"Eu acho que essas manifesta√ß√µes foram muito pensadas antes, porque s√£o muito espec√≠ficas em parar o tr√¢nsito, n√£o permitir que as pessoas se movam de um lado para o outro. Se n√£o fosse estrat√©gico, as manifesta√ß√µes n√£o seriam apenas nas rodovias e estradas.",1587516147469258752,0.0015095448,N√ÉO
"Vergonhoso, quando √© professor pedindo melhores sal√°rios a pol√≠cia sabe terminar com os protestos, agora contra v√¢ndalos e terroristas bolsonaristas eles v√£o tomar √°gua de coco. Eu quero √© bomba de g√°s, bala de borracha, esses escrotos merecem tomar cacete #Brazil #Brasilia",1612247905687027712,0.98568797,SIM
"@LulaOficial @edinhosilva PRESIDENTE POR FAVOR PRENDA OS TERRORISTAS NAZISTAS QUE EST√ÉO EM BRAS√çLIA NESTE EXATO MOMENTO!ü•∫ü•∫ü•∫üò≠üò≠. PODE MANDAR ATIRAR NELES, MATAR ELES, N√ÉO TEM PROBLEMA N√ÉO! MATA ESSES BOLSONARISTAS TERRORISTAS PRESIDENTE POR FAVOR!!ü•∫ü•∫ü•∫üò≠üò≠üò≠üò≠‚ô•Ô∏è‚ù§Ô∏è‚ô•Ô∏èüö©üáßüá∑üö©üáßüá∑üö©üáßüá∑üö©üáßüá∑üö©üö©üí™üö©üí™üö©üí™üö©",1612182017466138625,0.98850322,SIM
"Grand√≠ssimo dia! üëçüèº <https://t.co/oWeYBSjTlk>",1614017511275614215,0.00296247053,N√ÉO
"Maluco pede interven√ß√£o militar, pra metralhar petista, enforcar ministro, matar comunista e ai vai preso e pede direitos humanos KKKK",1612791913224044545,0.98470187,SIM
"A indica√ß√£o surge num momento extremamente delicado na sociedade iraniana, que recentemente abalou o mundo com diversas manifesta√ß√µes lideradas por mulheres por Masha Amini, uma jovem iraniana que entrou em coma e faleceu depois de ter sido detida pela pol√≠cia da moralidade.",1588646760020611072,0.00109077095,N√ÉO
"eu espero que todos os terroristas de Bras√≠lia morram ainda hoje antes das 23:45",1612222952149229568,0.98729962,SIM
"Em um cen√°rio de desacelera√ß√£o econ√¥mica, infla√ß√£o crescente, e PIB derretendo? Empresas fechando as portas, pessoas sendo demitidas a granel, e greves no setor p√∫blico por poss√≠veis atrasos nos pagamentos. Para eles as manifesta√ß√µes de rua s√£o o pior pesadelo. Lembrem-se disso!",1589027295192571904,0.00257514765,N√ÉO
"Depois das cr√≠ticas da Fenapaf e de alguns jornalistas mais ou menos exaltados, parece que Abel Ferreira √© o √∫nico branco, europeu, no meio de um universo de t√©cnicos brasileiros marcados por caracter√≠sticas multi-√©tnicas e por suas manifesta√ß√µes de profunda polidez e eleg√¢ncia.",1620831796115144704,0.00037960068,N√ÉO
"A PM chega na favela sem pensar e mata um negro pq confundiu a quina da cama com arma. Chega em Bras√≠lia com v√°rios golpistas terroristas quebrando o planalto e cometendo crimes e v√£o tomar √°gua de coco?\n\n√â bala neles",1612264285241053185,0.980493455,SIM
"@luu\_viegas @77\_frota Para bater em professor em manifesta√ß√µes lutando por educa√ß√£o de qualidade, pra matar preto, porque com os golpistas s√£o extremamente complacentes",1611760793040875525,0.97480685,SIM
"""¬ß2O disposto neste artigo n√£o se aplica √† conduta individual ou coletiva de pessoas em manifesta√ß√µes pol√≠ticas...visando a contestar, criticar, protestar...com o objetivo de defender direitos, garantias e liberdades constitucionais...""",1587515656374722562,0.000972106,N√ÉO
"Antes da desapropria√ß√£o do terreno, o Seringal Mirim foi um abrigo para o nascimento de manifesta√ß√µes do sincretismo da cultura de matriz africana com s√≠mbolos religiosos cat√≥licos e ind√≠genas.",1611137310975827970,5.9848725e-05,N√ÉO
"Tem que matar esses vagabundos em Bras√≠lia. Pol√≠cia e BOLSOMINIONS! PARASITAS! Militares bandidos apoiam esses vermes!!!! Passou da hora de juntar quem √© contra esses terroristas e partir pra cima! Patriota de cu √© rola!",1612165000126402560,0.98924732,SIM
"Interven√ß√£o militar s√≥ se for estrangeira aliada do verdadeiro Brasil pra matar esses militares traidores e depor toda essa corja comunista, a√≠ apoio de fato. Saco cheio desses vermes.",1613300642516279298,0.98470187,SIM
"voc√™s sabiam que Acredita-se que a m√∫sica tenha surgido h√° 50.000 anos, onde as primeiras manifesta√ß√µes tenham sido feitas no continente africano.",1605834352335675393,3.5587545e-05,N√ÉO
"A rodovia BR-116/PR (Contorno Leste) segue com fluxo normal em ambos os sentidos.\n\n-\n\n‚úÖ ATEN√á√ÉO! N√£o h√° pontos com bloqueios causados por manifesta√ß√µes ao longo das rodovias sob concess√£o da @Arteris\_ALS.\n\n‚õÖTempo parcialmente nublado.",1612493891822882826,0.0007821509,N√ÉO
"@CileneAlvesdaS4 @asvezesrebeca @AndreJanonesAdv Cadeia para os terroristas √© pouco, eu quero sangue. Morte a todos que invadiram Bras√≠lia!",1612170500758724608,0.9760479,SIM
"Em sua quarta edi√ß√£o, a Festa das √Åguas √© realizada pelo Instituto Rosa dos Ventos de Arte, com apoio da Secretaria de Cultura e Economia Criativa do DF, como uma das 5 manifesta√ß√µes populares que integram o Circuito Candango de Culturas Populares.",1621542662221225984,9.262706e-06,N√ÉO
"Enquanto contemplamos a majestade de Seu trono, alto e sublime, vemos Seu car√°ter em suas manifesta√ß√µes de miseric√≥rdia, e compreendemos, como nunca dantes, a significa√ß√£o daquele t√≠tulo enternecedor: "Pai nosso".",1606415310977998850,0.00094724555,N√ÉO
"Bandidos terroristas Bolsonaristas est√£o queimando √¥nibus e carros, depredando e tentando invadir a sede da Pol√≠cia Federal em Bras√≠lia. \nComo s√£o terroristas, s√≥ levaram spray de pimenta na cara.\n\nSe fossem professores, levariam bala de borracha e bomba de g√°s lacrimog√™neo. <https://t.co/xMKAp3z1lo>",1612686812295888900,0.98120157,SIM
"@mterezavinhal @sudornelles Ele fez foi muito certo. A extrema direita cai de pau em esquerdistas que se atravessarem no caminho deles. Vi v√°rias mulheres sendo espancadas em manifesta√ß√µes, outras sendo xingadas das coisas mais horr√≠veis s√≥ pq vestiam vermelho. Fogo nos fascistas",1620191797090881537,0.98134154,SIM
"Olha a cada dia mas nojo tenho desses bolzominions, essa praga merece tudo morrer. Bando de terroristas, que se dizem pessoas de bem destru√≠ram tudo Bras√≠lia. #TNC",1612197204264980486,0.97563613,SIM
"tinham que tomar mta bala, cassetete e g√°s na cara nesses terroristas em Bras√≠lia... e digo mais, pra machucar!!",1612396721320902657,0.9760479,SIM
"A rodovia BR-116/PR (Contorno Leste) apresenta fluxo normal em ambos os sentidos.\n\n-\n\n‚úÖ ATEN√á√ÉO! N√£o h√° pontos com bloqueios causados por manifesta√ß√µes ao longo das rodovias sob concess√£o da @Arteris\_ALS.\n\n‚õÖTempo parcialmente nublado.",1612476014763933703,0.0007723759,N√ÉO
"esses bolsonazis de merda q t√£o tumultuando na BR e pedindo interven√ß√£o militar tem q tomar bomba de g√°s, tiro de borracha e cacetada pra aprender na pr√°tica o q √© o militarismo q eles tanto idolatram ü§Æü§Æü§Æ",1587570757508497409,0.97916877,SIM
"interven√ß√£o militar ja!!! \npor favor mate todos os bolsonaristas ü•∞ü•∞",1590728514877423616,0.974615305,SIM
"Criminalizaram as manifesta√ß√µes contra o ladr√£o, agora o governador viado do RS, @EduardoLeite\_, quer prender quem foi do RS protestar em Bras√≠lia, morra engasgado com um pinto ditador desgra√ßado üñïüñïüñï.",1612938309575053312,0.97583547,SIM
"Em 2016, a origem marroquina do vilarejo foi contada no document√°rio ""Mazag√£o - Porta do Mar"", do Gavin Andrews, que abordou as manifesta√ß√µes culturais, costumes e tradi√ß√µes do povo mazaganense.",1617572754693451776,7.334704e-06,N√ÉO
"@blijvendQRvrij Dat plaatje komt uit 2018. <https://t.co/NHMEqoPu0p>",1588101476400123904,0.00286404651,N√ÉO
"Eu acho que essas manifesta√ß√µes foram muito pensadas antes, porque s√£o muito espec√≠ficas em parar o tr√¢nsito, n√£o permitir que as pessoas se movam de um lado para o outro. Se n√£o fosse estrat√©gico, as manifesta√ß√µes n√£o seriam apenas nas rodovias e estradas.",1587516147469258752,0.0015095448,N√ÉO
"Vergonhoso, quando √© professor pedindo melhores sal√°rios a pol√≠cia sabe terminar com os protestos, agora contra v√¢ndalos e terroristas bolsonaristas eles v√£o tomar √°gua de coco. Eu quero √© bomba de g√°s, bala de borracha, esses escrotos merecem tomar cacete #Brazil #Brasilia",1612247905687027712,0.98568797,SIM
"@LulaOficial @edinhosilva PRESIDENTE POR FAVOR PRENDA OS TERRORISTAS NAZISTAS QUE EST√ÉO EM BRAS√çLIA NESTE EXATO MOMENTO!ü•∫ü•∫ü•∫üò≠üò≠. PODE MANDAR ATIRAR NELES, MATAR ELES, N√ÉO TEM PROBLEMA N√ÉO! MATA ESSES BOLSONARISTAS TERRORISTAS PRESIDENTE POR FAVOR!!ü•∫ü•∫ü•∫üò≠üò≠üò≠üò≠‚ô•Ô∏è‚ù§Ô∏è‚ô•Ô∏èüö©üáßüá∑üö©üáßüá∑üö©üáßüá∑üö©üáßüá∑üö©üö©üí™üö©üí™üö©üí™üö©",1612182017466138625,0.98850322,SIM
"Grand√≠ssimo dia! üëçüèº <https://t.co/oWeYBSjTlk>",1614017511275614215,0.00296247053,N√ÉO
"Maluco pede interven√ß√£o militar, pra metralhar petista, enforcar ministro, matar comunista e ai vai preso e pede direitos humanos KKKKK",1612791913224044545,0.98470187,SIM
"A indica√ß√£o surge num momento extremamente delicado na sociedade iraniana, que recentemente abalou o mundo com diversas manifesta√ß√µes lideradas por mulheres por Masha Amini, uma jovem iraniana que entrou em coma e faleceu depois de ter sido detida pela pol√≠cia da moralidade.",1588646760020611072,0.00109077095,N√ÉO
"eu espero que todos os terroristas de Bras√≠lia morram ainda hoje antes das 23:45",1612222952149229568,0.98729962,SIM
"Em um cen√°rio de desacelera√ß√£o econ√¥mica, infla√ß√£o crescente, e PIB derretendo? Empresas fechando as portas, pessoas sendo demitidas a granel, e greves no setor p√∫blico por poss√≠veis atrasos nos pagamentos. Para eles as manifesta√ß√µes de rua s√£o o pior pesadelo. Lembrem-se disso!",1589027295192571904,0.00257514765,N√ÉO
"Depois das cr√≠ticas da Fenapaf e de alguns jornalistas mais ou menos exaltados, parece que Abel Ferreira √© o √∫nico branco, europeu, no meio de um universo de t√©cnicos brasileiros marcados por caracter√≠sticas multi-√©tnicas e por suas manifesta√ß√µes de profunda polidez e eleg√¢ncia.",1620831796115144704,0.00037960068,N√ÉO
"A PM chega na favela sem pensar e mata um negro pq confundiu a quina da cama com arma. Chega em Bras√≠lia com v√°rios golpistas terroristas quebrando o planalto e cometendo crimes e v√£o tomar √°gua de coco?\n\n√â bala neles",1612264285241053185,0.980493455,SIM
"@luu\_viegas @77\_frota Para bater em professor em manifesta√ß√µes lutando por educa√ß√£o de qualidade, pra matar preto, porque com os golpistas s√£o extremamente complacentes",1611760793040875525,0.97480685,SIM
"""¬ß2O disposto neste artigo n√£o se aplica √† conduta individual ou coletiva de pessoas em manifesta√ß√µes pol√≠ticas...visando a contestar, criticar, protestar...com o objetivo de defender direitos, garantias e liberdades constitucionais...""",1587515656374722562,0.000972106,N√ÉO
"Antes da desapropria√ß√£o do terreno, o Seringal Mirim foi um abrigo para o nascimento de manifesta√ß√µes do sincretismo da cultura de matriz africana com s√≠mbolos religiosos cat√≥licos e ind√≠genas.",1611137310975827970,5.9848725e-05,N√ÉO
"Tem que matar esses vagabundos em Bras√≠lia. Pol√≠cia e BOLSOMINIONS! PARASITAS! Militares bandidos apoiam esses vermes!!!! Passou da hora de juntar quem √© contra esses terroristas e partir pra cima! Patriota de cu √© rola!",1612165000126402560,0.98924732,SIM
"Interven√ß√£o militar s√≥ se for estrangeira aliada do verdadeiro Brasil pra matar esses militares traidores e depor toda essa corja comunista, a√≠ apoio de fato. Saco cheio desses vermes.",1613300642516279298,0.98470187,SIM
"voc√™s sabiam que Acredita-se que a m√∫sica tenha surgido h√° 50.000 anos, onde as primeiras manifesta√ß√µes tenham sido feitas no continente africano.",1605834352335675393,3.5587545e-05,N√ÉO
"A rodovia BR-116/PR (Contorno Leste) segue com fluxo normal em ambos os sentidos.\n\n-\n\n‚úÖ ATEN√á√ÉO! N√£o h√° pontos com bloqueios causados por manifesta√ß√µes ao longo das rodovias sob concess√£o da @Arteris_ALS.\n\n‚õÖTempo parcialmente nublado.",1612493891822882826,0.0007821509,N√ÉO
"@CileneAlvesdaS4 @asvezesrebeca @AndreJanonesAdv Cadeia para os terroristas √© pouco, eu quero sangue. Morte a todos que invadiram Bras√≠lia!",1612170500758724608,0.9760479,SIM
"Em sua quarta edi√ß√£o, a Festa das √Åguas √© realizada pelo Instituto Rosa dos Ventos de Arte, com apoio da Secretaria de Cultura e Economia Criativa do DF, como uma das 5 manifesta√ß√µes populares que integram o Circuito Candango de Culturas Populares.",1621542662221225984,9.262706e-06,N√ÉO
"Enquanto contemplamos a majestade de Seu trono, alto e sublime, vemos Seu car√°ter em suas manifesta√ß√µes de miseric√≥rdia, e compreendemos, como nunca dantes, a significa√ß√£o daquele t√≠tulo enternecedor: "Pai nosso".",1606415310977998850,0.00094724555,N√ÉO
"Bandidos terroristas Bolsonaristas est√£o queimando √¥nibus e carros, depredando e tentando invadir a sede da Pol√≠cia Federal em Bras√≠lia. \nComo s√£o terroristas, s√≥ levaram spray de pimenta na cara.\n\nSe fossem professores, levariam bala de borracha e bomba de g√°s lacrimog√™neo. <https://t.co/xMKAp3z1lo>",1612686812295888900,0.98120157,SIM
"@mterezavinhal @sudornelles Ele fez foi muito certo. A extrema direita cai de pau em esquerdistas que se atravessarem no caminho deles. Vi v√°rias mulheres sendo espancadas em manifesta√ß√µes, outras sendo xingadas das coisas mais horr√≠veis s√≥ pq vestiam vermelho. Fogo nos fascistas",1620191797090881537,0.98134154,SIM
"Olha a cada dia mas nojo tenho desses bolzominions, essa praga merece tudo morrer. Bando de terroristas, que se dizem pessoas de bem destru√≠ram tudo Bras√≠lia. #TNC",1612197204264980486,0.97563613,SIM
"@GayerGus Todos sem exce√ß√£o s√£o terroristas. Planejaram bombas em Bras√≠lia. Atacaram com granadas, tiros e bombas a PF, atacando cidad√£os por serem de esquerda. Atacam a democracia e a ordem. N√≥s n√£o vamos ser ref√©ns de bandidos, criminosos e fascistas. Talkei.",1612547406154895360,0.98129542,SIM
"Segundo a lei, n√£o √© permitido modificar as cores ou o lema da bandeira ao represent√°-la; apresent√°-la em mau estado de conserva√ß√£o; usa-la como vestimenta, agasalhando-se nela, como visto em comemora√ß√µes esportivas ou em manifesta√ß√µes de rua.",1607518157790404610,5.8636797e-05,N√ÉO
"A pot√™ncia do espa√ßo n√£o est√° sujeita a intera√ß√µes de qualquer forma de gravita√ß√£o. Esse dom primal do Para√≠so n√£o √© um n√≠vel factual de realidade, mas √© o ancestral de todas as realidades n√£o-espirituais funcionais relativas ‚Äî todas as manifesta√ß√µes de for√ßa-energia.",1609712270661259264,0.00257579865,N√ÉO
"J√° pode jogar uma bomba nesses terroristas manifestantes de Bras√≠lia, mete bala de borracha nesses vagabundos",1612163984207261698,0.9760479,SIM
"Cada Bolsominion que atacou Bras√≠lia hoje deveria ser neutralizado. sem piedade. \n\nEste √© um ataque a todos os homens, mulheres e crian√ßas no Brasil. Que Deus proteja o @LulaOficial e castigue os bolsominions\n <https://t.co/44AITkk6MQ>",1612198844456132609,0.98167124,SIM
"Eu quero saber pq um preto carregando o p√© de uma cama pode ser morto pq pensam ser um fuzil e esses terroristas fdp em Bras√≠lia n√£o pegam nem um cacetete no lombo",1612233279528206338,0.98470187,SIM
"A Pra√ßa 14 sempre sediou manifesta√ß√µes afro-brasileiras que tamb√©m aconteciam em bairros extintos como a Costa da √Åfrica, que ficava pr√≥ximo ao antigo cemit√©rio S√£o Jos√©, atualmente a sede do Atl√©tico Rio Negro Clube, na √°rea central da cidade, e tamb√©m no bairro Cachoeirinha.",1612948479164162048,1.376274e-07,N√ÉO
"MORTE A TODOS ESSES FILHOS DA PUTA DE BRASILIA!!! TERRORISTAS E POLICIAIS",1612223978642219008,0.98924732,SIM
"Esses caras n√£o queriam tanto uma interven√ß√£o militar? N√£o s√£o adoradores de nazistas e etc?\nPor mim colocava todo mundo no pared√£o e fuzilava. S√£o terroristas. Fodam-se eles.\nEm comunidade colocam helic√≥ptero largando bala, caveir√£o pra entrar atirando... faltou isso ontem.",1612577533966585857,0.98470187,SIM
"Manifesta√ß√µes pac√≠ficas s√£o constitucionais e leg√≠timas em uma democracia.\nO direito √† greve tamb√©m √© um direito constitucional para quase todas as categorias de trabalhadores e empres√°rios.",1587526178134441986,0.0027086623,N√ÉO
"@AnonNovidades o google nao d√° ideia de como dissipar manifesta√ß√µes poderiamos fazer uma enquete...\n( ) 1) jogar carrapato e piolho no gado;\n( ) 2) ir todo mundo vestido de gays e de religioes afro com a camisa do Brasil;\n( ) 3) mandar a policia soltar g√°s lacrimogenio e bomba neles...",1587601637295767552,0.97663945,SIM
"El presidente de Brasil Luiz In√°cio Lula da Silva record√≥ el intento de golpe de Estado que sufri√≥ su gobierno el pasado 8 de enero y acus√≥ a su antecesor Jair Bolsonaro de preparar el ataque de sus partidarios en los edificios del centro del poder en Brasilia.",1621489268458758148,0.002607151334,N√ÉO
"Se n√£o tem prova concreta sobre fraude ou qualquer outra coisa envolvendo as elei√ß√µes, ent√£o n√£o h√° motivos para parar estradas e outras coisas que est√£o fazendo, muito menos pedir interven√ß√£o militar.\n\nSaiba expor sua indigna√ß√£o de maneira correta.",1587750773936488448,0.0013751376,N√ÉO
"gente nada me deixa mais revoltado do que ver merda de brasileiro pedindo interven√ß√£o militar que merda que tem na cabe√ßa meu deus que gente burra mal car√°ter nojenta por mim podia morrer todos",1612208438129590272,0.98470187,SIM
"Al√©m disso, a forma√ß√£o tem car√°ter participativo e te√≥rico, abordando quest√µes que envolvem a diversidade das juventudes e das manifesta√ß√µes culturais, cidad√£, direito √† cidade, quest√µes √©tnico-raciais e de g√™nero.",1589968649993216003,0.0008213312,N√ÉO
"√â objetiva a Responsabilidade Civil do Estado em rela√ß√£o a profissional da imprensa ferido por agentes policiais durante cobertura jornal√≠stica, em manifesta√ß√µes em que haja tumulto ou conflitos entre policiais e manifestantes.",1613227025162186753,0.00121798225,N√ÉO
"@GayerGus Tadinho dos TERRORISTAS!!! Destru√≠ram Bras√≠lia, pediam GOLPE DE ESTADO, queriam a MORTE DE OPOSITORES pol√≠ticos. Mas coitadinhos. √â o mesmo povo do "bandido bom √© bandido morto" ent√£o se deliciem com essas imagens!!!",1612672112443129856,0.97539702,SIM
"Terroristas apoiadores de Jair Bolsonaro, armados com um arsenal, tentaram explodir uma bomba no aeroporto de Bras√≠lia.\n\nQuantas pessoas precisar√£o morrer para que esses fascistas sejam rastreados, punidos e presos?",1607066805205438465,0.98470187,SIM
"@IgrejaADMI @CelsoJFerreira @felipeneto Agente que conhece histora sabe como s√£o as manifesta√ß√µes de Direita....olha a noite de cristais dos nazistas....as manifesta√ß√µes de Mussolini.....vcs s√£o uns bandidos...deveriam ser fuzilados",1612614902799126528,0.98470187,SIM
"Em nota, o procurador ressalta ainda que o MP Militar acompanhou as manifesta√ß√µes em Manaus, as quais ele descreve como protesto que pedia, entre can√ß√µes c√≠vicas e ora√ß√µes religiosas, a interven√ß√£o militar no resultado das √∫ltimas elei√ß√µes democr√°ticas ocorridas.",1615064331019816962,0.0006269974,N√ÉO
"Mensagem do nosso irm√£o de Infantaria/Tu 85 - ALMEIDA NETO, que atualmente mora em Joinville/SC: üëáüèºüëáüèºüëáüèº\n\nSenhores Generais e Comandantes\nTenho ido a todas as manifesta√ß√µes que est√£o ocorrendo frente ao 62o Batalh√£o de Infantaria,na cidade de Joinville SC,onde me encontro morando",1596911784883109889,0.00039158587,N√ÉO
"Bolsonazis que n√£o cansam de passar vergonha! Neste momento invadindo o congresso, pedindo interven√ß√£o militar! Merecem tiros, bombas e g√°s de pimenta na cara",1612169321777664002,0.98531195,SIM
"@PATRlOTAS O bolsonarismo √© PODRE. Os terroristas bolsonaroistas que tentaram explodir um caminh√£o bomba em Bras√≠lia queriam dar de presente ao seu l√≠der uma pilha de corpos de brasileiros mortos e estra√ßalhados. Pretendiam matar a mulheres, crian√ßas, idosos, inocentes.",1607484853246623746,0.98222222,SIM
@alferdez <https://t.co/KBElnl2fcG> Entend√©s como se hace?,1612396015968985089,0.00293427325,N√ÉO
"Alguns conceitos importantes:\n\n‚û§ Autismo: √© um dist√∫rbio do neurodesenvolvimento caracterizado por desenvolvimento at√≠pico, manifesta√ß√µes comportamentais, d√©ficits na comunica√ß√£o e na intera√ß√£o social.",1618309523005140993,0.00121652965,N√ÉO
@ORicardoGustavo @tcdsensato melhor que um nazifascistas pedindo e quase implorando para a interven√ß√£o militar que vai espancar voces na porrada e na bala kkkkk,1587853686893867008,0.98470187,SIM
"Eu gosto dos pronunciamentos do Dino porque, como um estudioso do direito e ex juiz federal, ele estrutura suas manifesta√ß√µes em conceitos elementares de direito e cidadania. Muito bom.",1612550197023744025,0.00159833615,N√ÉO
@PedroRonchi2 @marciav2015 <https://t.co/xE6Hlfcg8L>,1603451656334708736,0.00299542085,N√ÉO
Tomara que todos os terroristas de Bras√≠lia hoje estejam mortos amanh√£,1612166391288791040,0.98470187,SIM
"Sua manifesta√ß√£o n√£o √© medida pela valida√ß√£o do 3D. VOC√ä valida SUAS PR√ìPRIAS manifesta√ß√µes. Se voc√™ diz que est√° feito, ent√£o est√° feito!",1618335655532318722,0.00137386,N√ÉO
"Esses terroristas bolsonaristas la em Brasilia, puta merda morram",1612198030987468800,0.97916202,SIM
"Identificado por um vizinho, Claudio Emanoel da Silva Gomes √© o homem procurado pela pol√≠cia, suspeito pela destrui√ß√£o do rel√≥gio que Dom Jo√£o VI trouxe ao Brasil em 1808, durante a invas√£o do dia 8 de janeiro nos tr√™s poderes em Bras√≠lia.",1616507035318902785,8.496094e-06,N√ÉO
MANO QUE OS BOLSONARISTAS TODOS MORRAM ATROPELADOS NESSAS PORRAS DE MANIFESTA√á√ïES,1588527901410197506,0.97524285,SIM
Not√≠cias sobre as manifesta√ß√µes por favor. Como est√° o de voc√™ est√°? Qual foi o efeito do relat√≥rio?,1590703053845716993,0.00192055935,N√ÉO
"Prendam todos esses fascistas, bandidos, terroristas bolsonaristas, enquanto n√£o houver respostas duras para esses atos criminosos, esses golpistas continuar√£o agindo contra a democracia. #brasilia #Brazil Bolsonarismo √© um c√¢ncer que precisa ser destru√≠do.",1612205342108131332,0.97807297,SIM
"Os boz√≥loides precisam entender que eles s√£o terroristas e assassinos, pois desejam matar pessoas covardemente, o M√∫cio precisa ver essa reportagem de uma explos√£o de tanque, o de Bras√≠lia seria 2 vezes mais potente <https://t.co/PkWkKHtyWo>",1610630233236856832,0.98470187,SIM
"Eles querem interven√ß√£o militar mas s√≥ se for pra matar preto, LGBTq+ e petistas <https://t.co/Sw3jDGtRMt>",1587450308007006208,0.98470187,SIM
"V√¢ndalos. Bandidos. Terroristas. Nada mais a dizer sobre quem est√° em Bras√≠lia no Congresso Nacional. Merecem porrada, bala e cova. \nBolsonarismo √© uma doen√ßa e deve ser tratada com psiquiatra. Bolsonarista bom √© bolsonarista morto!",1612170571042770952,0.98536089,SIM
Todas as rodovias federais no Rio Grande do Norte permanecem sem NENHUM PONTO DE BLOQUEIO por manifesta√ß√µes. Fluxo normal em todo o estado.,1612777658294890496,0.0016486825,N√ÉO
@j_juridiques @VouComLeandro @Damadeferroofic <https://t.co/PEm5mNEpYy>,1614489904192360450,0.00291137743,N√ÉO
"PERU | O aeroporto Inca Manco C√°pac, que serve a cidade de Juliaca, no sul do Peru, foi fechado devido aos protestos antigovernamentais que se concentraram em seu per√≠metro no terceiro dia de manifesta√ß√µes no pa√≠s ap√≥s a tr√©gua de Natal, segundo informou a empresa operadora.",1611526373004410880,0.0010038349,N√ÉO
O documento que atualmente √© considerado uma peti√ß√£o trata-se de uma das manifesta√ß√µes representativas do povo negro durante o Brasil Col√¥nia.,1603404697200906242,3.62492e-05,N√ÉO
Agora seria um excelente momento pra jogar umas bombas em Bras√≠lia e acabar com esses terroristas.,1612169629262045185,0.9757475,SIM
@J_LIVRES <https://t.co/SOXrWvDXHY>,1614829317430693888,0.0029847851,N√ÉO
Sabemosüí∏üí∏ <https://t.co/oeBORy3wKh>,1616039054541299713,0.0029538068999999,N√ÉO
"@juniormelorn_ Esse lixo comunista merece ser extinto.nojento desse quer dizer que se levanta um cartaz pedindo interven√ß√£o militar √© crime?manda esse nojento ir l√° prender.verme comunista do foro de s√£o Paulo.invadir supermercado pode n√© FDP comunista, MISER√ÅVEL",1605226953799245827,0.98470187,SIM
@ps_carvalho @77_frota CALA A BOCA COMUNISTA DE MERDA. QUEM √â VC PRA JULGAR QUEM √â BOM E RUIM? \n\nFASCISTINHA \nSTALINN MANDAVA MATAR PESSOAS POR ATOS ANTIDEMOCRATICOS \nNA VIS√ÉO DE COMUNAS QUEM DIVERGIR TEM Q SER ELIMINADO <https://t.co/lGKnia8ugh>,1614958606985891843,0.98470187,SIM
"Imperdible cronica del Especialista @TataCantelmi <https://t.co/wcpAZuvXAU>,1615376754654478338,0.00298052275,N√ÉO
"sobre as manifesta√ß√µes:\n\na insatisfa√ß√£o √© o primeiro passo para o progresso de um homem ou uma na√ß√£o\n\n-Oscar Wilde.",1587787790405754880,3.857294e-05,SIM
"As marchas de Selma a Montgomery de 1965 foram tr√™s manifesta√ß√µes, sendo a primeira conhecida como Domingo Sangrento <https://en.wikipedia.org/wiki/Bloody_Sunday> do movimento pelos direitos civis dos negros nos Estados Unidos que conduziram √† aprova√ß√£o da Lei dos Direitos ao Voto de 1965, uma conquista hist√≥rica.",1606422141234290691,8.914552e-05,SIM
"Quando voc√™ se mostra ao mundo e exibe seus talentos, voc√™ naturalmente ati√ßa todos os tipos de ressentimento, inveja e outras manifesta√ß√µes de inseguran√ßa.\n\nVoc√™ n√£o pode viver se preocupando com os sentimentos mesquinhos dos outros.\obert Greene\n\n#Talented",1603122758526717952,0.0024175695,N√ÉO
"Eu quero que os bolsonaristas que est√£o trancando e pedindo interven√ß√£o militar, morram! Cambada de fdp.",1587806494439141376,0.98470187,SIM
"@davimendonca_DM @GayerGus Vergonha √© o que vc deveria ter na sua cara de falar manifesta√ß√µes pac√≠ficas, um monte de bandido terrorista desocupados invadem e saqueiam e quebram, g√°s e borracha neles sem d√≥, pq tudo que eles pediram agora ter√£o!!!",1612744685990051841,0.97752047,SIM
"Al√©m de Kayo, Jornandes Brito dos Santos e Jos√© Wilson Barboza de Magalh√£es Junior tamb√©m atuavam como l√≠deres nos lugares onde ocorriam as manifesta√ß√µes.",1591528765829840896,0.000253762815,N√ÉO

