text,id,media
"Joel Pinheiro indaga a Jana√≠na Paschoal na CNN Brasil: ""O fato da pessoa com um cartaz pedindo interven√ß√£o militar,para a senhora como jurista, n√£o √© crime?"" Jana√≠na responde:"" Eu entendo que n√£o, pois se eu posso pedir legaliza√ß√£o de drogas e aborto n√£o seria considerado crime"".",1623834089869529089,
"No dia 8 de janeiro, data dos atentados em Bras√≠lia, o governador do DF realizou diversas liga√ß√µes e trocou mensagens com autoridades e jornalistas. Em uma das mensagens, ele foi cobrado pela presidente do Supremo, Rosa Weber, ap√≥s os terroristas invadirem o Congresso. https://t.co/8dN3CWct8c",1623834066695909378,
"Questionado por Rosa Weber durante ataque dos radicais em Bras√≠lia, Ibaneis respondeu: 'Estamos cuidando' (via @fausto_macedo) https://t.co/kfu8aqXlsw",1623834028863283200,
"@FLAocta64 @AndreySzpk @moura_101 Oque o Bolsonaro fez pelo impeachment, compara com oque o MBL fez.\nA maior participa√ß√£o foi pedir interven√ß√£o militar, e dar muni√ß√£o pro PT",1623834006931271682,
STF reserva m√° not√≠cia a Bolsonaro.\n1 - O Supremo Tribunal Federal (STF) reserva m√° not√≠cia a Bolsonaro em decorr√™ncia dos atos antidemocr√°ticos nos Tr√™s Poderes em 8 de janeiro. +\nhttps://t.co/uEpW5rD701,1623833892242223104,
"Tem uns queridos aqui na rua de casa que o ano inteiro produzem fantasias e adere√ßos pra v√°rias manifesta√ß√µes culturais, agora eles est√£o montando uma fantasia pro rainha das rainhas, um dia tentei conversar da porta deles e as gays super inacess√≠veis, adoraria fazer amizade gay",1623833887242592257,
"O Roberto Campos Neto estava naquele grupo ""ministros do Bolsonaro"", na rede social, junto com √Çnderson Torres, mesmo ap√≥s os atos terroristas na Pra√ßa dos 3 Poderes, em Bras√≠lia.\nE algu√©m vai acreditar que o presidente do Banco Central √© independente? https://t.co/bKG5z93k9J",1623833808163295237,
"""O comportamento das Recuperandas nestes autos tem demonstrado muito o contr√°rio: em verdade, em diversos momentos, beira o descaso para com o procedimento recuperacional e para com o Ju√≠zo, que deu diversas oportunidades para suas manifesta√ß√µes‚Äù, diz trecho da decis√£o.\n‚Ä¶",1623833803490750466,
"Pra variar, o descondenado MENTIU sobre n√£o ter sido avisado sobre a possibilidade de manifesta√ß√µes violentas. No relat√≥rio, a Abin informava que havia identificado a convoca√ß√£o de caravanas em diversos estados do pa√≠s para que se deslocassem √† capital. üëáüßµ https://t.co/FqXUUmok2J",1623833555922042886,
@TerraBrasilnot Estava claro desde o primeiro dia. Tudo orquestrado para acabar com as manifesta√ß√µes.,1623833529728610305,
Leia mais: \n\nhttps://t.co/i6s1sa772v,1623833490138574853,
"Documento mostra que GSI avisou ao governo federal sobre invas√£o de 8 de janeiro, em¬†Bras√≠lia https://t.co/OWH6IMA0jL",1623833481296879619,
https://t.co/Bh9lZKPj64,1623833468084928513,
"TSE N√ÉO entregou os c√≥digos-fontes para provar a vitoria do Lula,tem 280 mil urnas irregulares, Moraes esta dando uma de ditador, infiltrados nas manifesta√ß√µes com provas e por isso Lula √± quer CPI, presos inocentes, suspeita de farsa Yanomamis e dossi√™ plantado. CAD√ä AS FFAA?",1623833426003460096,
"Urgente\nO governo foi informado oficialmente das manifesta√ß√µes de 8 de janeiro. Grupos violentos com inten√ß√£o de invadir a sede dos poderes (os j√° conhecidos v√¢ndalos infiltrados)\nExigimos da Justi√ßa tratamento is√¥nomo para Fl√°vio Dino,  como foi para  Anderson Torres e outros! https://t.co/Kt4bxWFlbw",1623833376913338369,
"Uma bolsonarista no cora√ß√£o do BID\n\nDiretora do BID desde maio de 2022, Martha Seillier n√£o observou o c√≥digo de √©tica e apoiou os atos antidemocr√°ticos de 7 de setembro de 2022.\nhttps://t.co/38bFKle2jt https://t.co/UrrrNTVsfW",1623833345179230208,
"@dricachalela A esquerda o recibo q Micheque Bozonazi apresentou, justificando a retirada das moedas onde estavam as CARPAS que vieram a morrer. Obs : RECIBO datado de 08/01/23 , quando ela e o genocida estavam na Fl√≥rida e dia da invas√£o terrorista em Bras√≠lia. https://t.co/6jvo4FAZ50",1623833338187333632,
https://t.co/uxmFpYAn4R,1623833306910322688,
V√çDEO: Ministra COMUNISTA de Lula prop√µe manifesta√ß√µes contra o Banco Central https://t.co/IfWxQuEjga,1623833124990775299,
interven√ß√£o militar eh isso que queremos!!!!!,1623833109366964224,
"üö®CURIOSO: O recibo de doa√ß√£o das moedas do Alvorada que Michelle Bolsonaro destinou para uma institui√ß√£o cat√≥lica ocorreu no dia 08/01, mesma data dos atentados terroristas em Bras√≠lia. O valor destinado para essa igreja foi de R$ 2,2 mil.\n\nüóûÔ∏èMetr√≥poles",1623833057554841603,
@SandraS31895103 @Estadao E as manifesta√ß√µes do √≥dio do bosunaro eles n√£o diziam nada.\nLixo de jornal üëπüí©üí©üë∫,1623833006925398017,
"A Bolsonarista Celina Le√£o atuando para Bolsonaro, vejam isso o relator da CPI dos Atos Antidemocr√°ticos do DF, que vai investigar [inclusive] policiais militares, √© o deputado Hermeto, subtenente da Pol√≠cia Militar do DF. A piada est√° pronta, vamos rir ? üáßüá∑ Essa √© boa.",1623832962432176128,
"S√≥ para explicar:\n\nA emo√ß√£o humana √© bem mais complexa que 5 manifesta√ß√µes de amor, e nossa prefer√™ncia por isso muda de acordo com quem √© a outra pessoa, de como nos sentimos, da situa√ß√£o, das fases da vida e tudo mais.",1623832895067508736,
"@Alexand92840726 @CleuzaTur @ValdiviaLiette @borgescm @asarock8 @neylopesmachado @RamosEneildes @OAlagoas @joaodomenech @VidaLeveLivre13 @Maria_Irritada @agaribaldiof @augusto7_cesar @chelonilo @dosSHernani @Fape2 @HelderSCosta @josehil44904368 @Lucier96025171 @MariaNe88365045 @NelsonForteo1 @sergio_heinrich @vania378 @AlmirSi65711392 @bobclaye @copo_ss @edusilvafogo @FragaEna @IsmaelLimaCort2 @KatiaSchmidt14 @MacMoraes1 @MAURICIOO13 @OUROGOLD1 @robeliaduarte @soupurabucha @wagnermereb @altinomessias1 @boyzin2000 @CpsSilveira13 @el_zazen @francisco_491 @IvaniziMello @kiko_valentin @Magda73683506 @PandiniLeandro @robson7745 @Srgio45974011 @wellcione @LulaOficial Boa Noite, Nobres Guerreir@s!\n‚ÄúQuero aqui aproveitar para agradecer a todos e a cada um de voc√™s que se perfilaram ao lado do Brasil, ao longo destes √∫ltimos dias, em rep√∫dio aos atos antidemocr√°ticos que ocorreram em Bras√≠lia.‚Äù\n@LulaOficial \n#LulaDoBrasilEdoMundo https://t.co/2cJZ2hDmY1",1623832867296972800,
"Atos de vandalismo criaram ‚Äúcomunh√£o nacional‚Äù pela democracia, diz Rosa Weber. ""Os ju√≠zes e ju√≠zas brasileiros honram a toga que vestem"", disse a ministra. https://t.co/dVHerSYYt7",1623832809939902471,
"4 - Por essa √≥tica, por exemplo, o ataque de Bolsonaro √†s urnas eletr√¥nicas, em julho de 2022, n√£o pode ser dissociado da quebradeira em Bras√≠lia. Com isso, as investiga√ß√µes envolvendo o ex-presidente, no √¢mbito das mil√≠cias digitais, dever√£o permanecer com Moraes. +",1623832770639237120,
https://t.co/Sh4cG2Lqeq via @portalr7,1623832687201947648,
"Lula MENTE ao dizer que n√£o sabia do risco das manifesta√ß√µes no dia 08 de janeiro, by @leandroruschel https://t.co/9mqd6ow2QD",1623832682374332417,
Xi - a turma do Fazu√©li vai dizer que √© Fake News. \nDocumento mostra que GSI avisou governo sobre invas√£o de extremistas em 8 de janeiro\nO relat√≥rio foi enviado tamb√©m √† Comiss√£o Mista de Controle de Atividades de Intelig√™ncia do Congresso Nacional. \nhttps://t.co/gLm7EsRma4,1623832662598205442,
"Planalto tamb√©m falhou em conter manifesta√ß√µes, diz governadora do DF https://t.co/tpTMbnXfNE",1623832635817467904,
TODAS AS ARMAS FALHARAM AO MESMO TEMPO?  https://t.co/hw7D351U0K,1623832579307720704,
"Antes do clamor ocidental pr√≥-Xinjiang, tivemos apelo Free Tibet no in√≠cio do s√©culo XXI. A narrativa voltava-se contra a opress√£o aos budistas e seu l√≠der expatriado, o Dalai Lama. Manifesta√ß√µes (com tibetanos kkkk) pelo mundo, sobretudo √†s v√©speras da Olimp√≠ada na China.üá®üá≥üßµ https://t.co/7CIdB2cxQN",1623832529127063554,
"@ATROMBETA3 Os verdadeiros respons√°veis s√£o infiltrados a mando da esquerda, com omiss√£o do ministro da justi√ßa e do presidente para acabar com os manifesta√ß√µes leg√≠timas, os v√≠deos demonstram.",1623832353251463169,
"‚ÄúN√£o deixe chegar ao Supremo‚Äù, disse Torres a secret√°rio interino durante ataque terrorista em Bras√≠lia\nhttps://t.co/Lk0AkpIZ3n",1623832334159040513,
"@Terra__Brasilis Os nordestinos n√£o tem culpa vc fica querendo dividir o Brasil, as caixinhas milagrosas que s√£o as respons√°veis por essa bosta que estamos no momento. Mas n√£o ESQUE√áA que estamos sobre interven√ß√£o militar e na hora certa vir√° a Vit√≥ria Gloriosa!",1623832278911664133,
"Militares podem cometer os crimes que quiserem: NUNCA S√ÉO PRESOS. No dias das pris√µes, em Bras√≠lia, o cmt. do Ex√©rcito impediu a a√ß√£o da PM e permitiu no dia seguinte... conseguiu tempo para que os militares do grupo terroristas e os parentes de militares abandonassem o local. https://t.co/9pa0ETQ2tm",1623832050875629575,
Dia do Frevo ‚òÇÔ∏è\n\nO frevo √© uma dan√ßa folcl√≥rica t√≠pica do carnaval de rua do Brasil. √â uma das principais dan√ßas tradicionais brasileiras e uma das manifesta√ß√µes culturais mais conhecidas na regi√£o nordeste do pa√≠s. https://t.co/wZDLFteOvx,1623831997582909440,
"Um m√™s ap√≥s a invas√£o dos pal√°cios em Bras√≠lia, manifestantes seguem detidos em penitenci√°rias como criminosos comuns. Leia entrevista exclusiva com a advogada G√©ssica Ara√∫jo e conhe√ßa a deplor√°vel condi√ß√£o dos campos de reeduca√ß√£o democr√°tica do STF.\nhttps://t.co/AT0sFgbIjt",1623831968990257152,
"O requerimento foi enviado na tarde desta quinta-feira (9), e faz parte de uma s√©rie de a√ß√µes da CPI. @Hermeto_oficial #cldf #cpi #atosantidemocraticos    https://t.co/j2WyKL7Rvp",1623831875696357377,
üìä Trajet√≥ria de Key Alves em n√∫meros: \nüëë 0 L√≠der \nüëº 0 Anjo \nü´µ 1 Indica√ß√£o pelo L√≠der \nü´° 3 Manifesta√ß√µes golpistas \n‚Ü©Ô∏è 0Bate e Volta \nüìû 0Big Fone \nüò¨ 2 Sisos Nascendo \nüòà 2 Sexo no Quarto do L√≠der \nü§¨ 999 Ci√∫mes de Larissa \nü§Æ 21 Chul√©s cheirados \nüëØ‚Äç‚ôÄÔ∏è35 rivalidades c mulheres,1623831824416792579,
"Lula n√£o quer CPI para apurar o 8 de Janeiro, e agora colocou em sigilo as imagens das manifesta√ß√µes no Planalto do dia 8. O que eles est√£o escondendo? Por qu√™ acusaram Bolsonaro e agora querem deixar tudo quieto? Ser√° que nos acham  t√£o idiota para pensar n√£o foram os LULISTAS. https://t.co/3CvBVjWsid",1623831765205876738,
"Infelizmente, deve ser algo de errado com a minha pessoa. Sou militante do PT tem mais 10 anos, participei ativimente de todas elei√ß√µes, manifesta√ß√µes e etc desde ent√£o. Mas n√£o recebi nenhum convite pra Ministro de Estado. As vezes √© d√≠ficil. S√≥ sirvo para elei√ß√µes?",1623831653993906178,
"@LulaOficial @deciolimapt Boa Noite, Valios@s Guerreir@s!Quero aqui aproveitar para agradecer a todos e a cada um de voc√™s que se perfilaram ao lado do Brasil e das institui√ß√µes brasileiras, ao longo destes √∫ltimos dias, em rep√∫dio aos atos antidemocr√°ticos que ocorreram em Bras√≠lia\n#LulaDoBrasilEdoMundo https://t.co/ckk3kJLWT8",1623831611535155200,
"@alexandre üòÇüòÇüòÇüòÇüòÇ, lembrei do maduro condenando atos antidemocr√°ticos.",1623831396568428544,
"üö´ Pavor mesmo, √©  saber que o Gov bolsonarista, sabendo que as defensoria s√≥ t√™m atribui√ß√£o de atuar no pr√≥prio, mesmo assim desfalca os cofres estaduais com passagens e hospedagens de 4 defensores rumo a Bras√≠lia para defender terroristas.\nImpeachment p/Jorginho. https://t.co/DW1hAOLP3P",1623831296962187265,
"Pra variar, o descondenado MENTIU sobre n√£o ter sido avisado sobre a possibilidade de manifesta√ß√µes violentas. No relat√≥rio, a Abin informava que havia identificado a convoca√ß√£o de caravanas em diversos estados do pa√≠s para que se deslocassem √† capital. üëáüßµ https://t.co/hRf63NmaAA",1623831276535877637,
INTERVEN√á√ÉO MILITAR AMANH√É GENTE https://t.co/prEs0OcypH,1623831073737039872,
"Planalto tamb√©m falhou na invas√£o de 8 de janeiro, diz governadora do DF https://t.co/gMf2bwBTa3 La vem um defensora dos atos golpistas em Bras√≠lia seu governo facilitou a entrada do terroristas em Bras√≠lia idiota e seu secretaria ainda esta preso e seu governo foi suspenso.",1623830863145213960,
"@dayaneponte @RaquelStasiaki Mas existem pessoas que defendem o comunismo, que pra ser instalado no pa√≠s, teria medidas mil vezes mais duras do que uma interven√ß√£o militar, pois passa por tomar os bens que o ditador que tiver no poder, julgar que deve ser do Estado, deve prender esse imbecis tb?",1623830710317359107,
@MrioCBraga1 @Zueiro964606901 @alexandre Se a interven√ß√£o militar est√° na constitui√ß√£o e para ser usada em certos casos como esse da elei√ß√£o,1623830435498262530,
"@aecio141 @RaquelStasiaki A pessoa pode ser a favor de comunismo, que √© um regime que pra implementar no pa√≠s, teria medidas muito mais duras que uma interven√ß√£o militar, pois faria expropria√ß√£o dos bens das pessoas e muito mais coisas",1623830235798962177,
"Planalto tamb√©m falhou em conter manifesta√ß√µes, diz governadora do DF - Revista Oeste https://t.co/pgOvvdArCy",1623830167029182464,
"@TerraBrasilnot Exatamente isso. J√° que estavam no poder, e tinham conhecimento das manifesta√ß√µes e do risco de invas√µes, faltou compet√™ncia e gerenciamento por parte do ministro da justi√ßa.",1623830064583286792,
"@LulaOficial @JanjaLula @ricardostuckert TSE N√ÉO entregou os c√≥digos-fontes para provar a vitoria do Lula,tem 280 mil urnas irregulares, Moraes esta dando de ditador, infiltrados nas manifesta√ß√µes, por isso Lula √± quer CPI, presos inocentes, suspeita de farsa Yanomamis e dossi√™. CAD√ä AS FFAA?",1623830020337594374,
"A Kallas da Est√≥nia e a Marin da Finl√¢ndia t√™m tido muitas manifesta√ß√µes de apre√ßo do mulherio tuga que debita alarvidades nas tvs da parvalheira, digam-me l√°?... https://t.co/WpYCK5yYRR",1623829936934129666,
Ent√£o se o GSI avisou e da Sala imponente o Ministro n√£o fez nada quem cometeu crime foi quem n√£o estava trabalhando ü§î\n\nhttps://t.co/r8HPhh8h3F,1623829923122094080,
"@baraofabio Porque a emo√ß√£o humana √© bem mais complexa que 5 manifesta√ß√µes de amor, e nossa prefer√™ncia por isso muda de acordo com quem √© a outra pessoa, de como nos sentimos, da situa√ß√£o, das fases da vida e tudo mais.",1623829905845755904,
Imagens mostram que recuo de militares permitiu passagem de golpistas https://t.co/hJoYxaaMIU #g1,1623829892734279680,
"O ministro @FlavioDino √© uma figura p√∫blica que vem atuando incansavelmente pela pacifica√ß√£o do Brasil, contra a viol√™ncia e em defesa da democracia. A bancada do PSB n√£o vai admitir esse tipo de amea√ßa e tomar√° as medidas cab√≠veis para que o parlamentar responda por seus atos.",1623829628572819456,
"@SamuelFelix13PT @SpaceAllBR @sequeira_kg @rosinha_virg @AndrLuizCMarti1 @fabymachados @MariaIzabelBat2 @ElizetevelosoS @HelenaT11664654 @callss64 @LuizCarlosFPai1 @AlexandrePT13CV @cyberne28795530 @Alexand92840726 @TalaskaAlceri @lolaescreva @manobrown @silviolual @GilDoVigor @MilVezes4 @lacerdaeh @Simonycorredora @EsquerdaSil @andr67272991 @profrafic @MilitanciaPt13 @idelioficial @hilde_angel @2009_sonia @AnglicaAires @CorneliusTeite1 @ed1961 @guerrapeixe52 @JessyReis11 @lildolilda @Marcio_PT13 @MissDizzy6 @PatriciaHelenaq @silvanafpires71 @Valdire71051513 @albertosampaio @Casnasc01 @dearthagan @ForaBozo2020 @JosJoaquimGuer5 @Nane_RJ @PradoEimar @RosaVyanna @LulaOficial Boa Noite, Povo do Am@r\nQuero aqui aproveitar p/agradecer a todos e a cada um de voc√™s que se perfilaram ao lado do Pa√≠s e das institui√ß√µes, ao longo destes √∫ltimos dias, em rep√∫dio aos atos antidemocr√°ticos que ocorreram em Bras√≠lia.\n#LulaDoBrasilEdoMundo https://t.co/2Ya7blxIWe",1623829401304461312,
https://t.co/X5lmMACtIe,1623829333381873667,
"Ao todo, 916 pessoas seguem presas na Papuda por participarem das manifesta√ß√µes do dia 8 de janeiro\n\nhttps://t.co/5qzpbf3kFe",1623829323894358022,
"Os atos antidemocr√°ticos que ocorreram no dia 8 de janeiro em Bras√≠lia impulsionaram uma campanha de √≥dio e desinforma√ß√£o contra a primeira-dama do Brasil, a soci√≥loga Ros√¢ngela da Silva, tamb√©m conhecida como @JanjaLula. https://t.co/qF9iFlFayk",1623829176485650434,
"Per√≠cia da PF diz que Torres mandou barrar entrada de golpistas no STF. Agora todos lutaram para coibir o terrorismo em Bras√≠lia, mais porque houve a invas√£o aos tr√™s Poderes? https://t.co/e0ZS3mGzSc via @UOLNoticias @UOL",1623828937058009088,
"@marcelopjs Um ataque golpista √© um ataque feito por golpista,com pautas golpistas.\nO acampamento em frente ao quartel de Bras√≠lia;era um acampamento golpista \nSa√≠ram do acampamento golpista , atacaram os pr√©dios dos Tr√™s Poderes e voltaram para o acampamento \nS√£o fatos,n√£o √© um narrativa.",1623828841713004544,
@PauloCappelli_ Merdopolis sendo Merdopolis. Atos antidemocr√°ticos s√£o os crimminosoos que o PT e seus s√≥cios togados contratam e enfiaram goela abaixo pra destruir e culpar os patriotas. Est√° tudo t√£o na cara que a gente daqui segue na pipoca at√© vcs ca√≠rem. Esquerdalhas se degladiando...,1623828758841925632,
"üö®ATEN√á√ÉO: Em uma entrevista, o Ministro da Justi√ßa, Fl√°vio Dino, afirmou que o ex-presidente Jair Bolsonaro se colocou na investiga√ß√£o sobre os atos antidemocr√°ticos de 08/01 ao compartilhar v√≠deos de cunho golpista em suas redes sociais.\n\nüóûÔ∏èUOL",1623828661337001984,
"@RaquelStasiaki N√£o faz sentido, pedir legaliza√ß√£o das drogas incide em passar por um processo de viabilizar por meio da lei uma mudan√ßa, j√° pedir interven√ß√£o militar √© ir contra uma lei j√° estabelecida, exigindo que se passe por cima dela pra estabelecer um estado de exce√ß√£o",1623828526704037890,
"Ser√° que v√£o tirar o Xand√£o de l√°,s√≥ assim pra diminuir os atos antidemocr√°ticos https://t.co/7c1fG3JSEu",1623828374098522112,
@lumoherdaui @Poder360 @MichelePradoBa @folha Como manifesta√ß√µes aqui na rede.,1623828277524570114,
Documento mostra que GSI avisou governo sobre invas√£o de extremistas em 8 de janeiro  \n\n#R7 #PortalR7 https://t.co/SVrMjfwN80,1623828161774460931,
As manifesta√ß√µes s√£o um compl√¥ do TCU para subverter os companheiros e companheiras! #DesculpasDoPT,1623827986901352449,
"Marcos Rocha abre o cora√ß√£o para parabenizar o filho que completa 15 anos: 'Aprendi o que √© amor'\n\nPara comemorar a data, diversas manifesta√ß√µes de congratula√ß√µes foram publicadas em rede social com direito a v√≠deo e relatos emocionantes.\n\nhttps://t.co/UwAx2AGECh https://t.co/SRStyTKzMN",1623827955850829824,
STF cria pontos de mem√≥ria e segue restaurando itens destru√≠dos durante atos antidemocr√°ticos\nhttps://t.co/nyq5TxQFPu,1623827863710433281,
https://t.co/EMkFAmc1s1,1623827836988424195,
A Gleici em Bras√≠lia mostrando como ficou tudo depois da invas√£o. \n\n√â a melhor campe√£ do BBB sim e falo com tranquilidade.,1623827833377198080,
"Esque√ßam interven√ß√£o militar e esque√ßam c√≥digo fonte, foquem nas CPMI‚Äôs. O caldo engrossou. A press√£o deu certo, esse governo n√£o governa e o piroquinha j√° t√° murcho.",1623827823109586945,
Documento mostra que GSI avisou governo sobre invas√£o de extremistas em 8 de janeiro https://t.co/XHDnJTfoxv #R7 via @portalr7,1623827713868824579,
"pq as p√°ginas n√£o estao divulgando que o lula pediu sigilo nas imagens com rela√ß√£o a invas√£o no planalto em bras√≠lia? \n\nn√£o √© sobre not√≠cia, sobre deixar √† popula√ß√£o alerta. √â sobre divulgar somente aquilo que eles querem que voc√™ veja.",1623827655173804033,
"Dos mesmos criadores de ""meu cachorro comeu meu dever de casa"", vem a√≠: ""deu pane na muni√ß√£o"", IMPERD√çVEL!\nhttps://t.co/yCR4cQpnw4",1623827378672660482,
Terrorismo em Bras√≠lia: PMs presos disseram √† PF que recuaram diante de terroristas na invas√£o ao STF porque ‚Äòhouve falha de muni√ß√£o¬†qu√≠mica‚Äô https://t.co/gFkrucOcfx,1623827353599180801,
"#RBTaovivo\nHoje no Rep√≥rter Brasil Tarde: Pre√ßo do diesel est√° mais barato nas distribuidoras; Ap√≥s um m√™s, saiba mais sobre as investiga√ß√µes e consequ√™ncias dos atos terroristas em Bras√≠lia; √â urgente a necessidade de √°gua pot√°vel para o povo yanomami.  https://t.co/UnPhr189Wx",1623827109872271360,
PF devolve √† C√¢mara bola autografada por Neymar que foi furtada durante invas√£o bolsonarista de 8 de janeiro\n\nhttps://t.co/9EVldelth4,1623827087936167937,
Atos antidemocr√°ticos ou invas√µes https://t.co/thVCBeDFYt,1623826606325215232,
Enquanto a extrema esquerda suportou o governo n√£o houve manifesta√ß√µes. https://t.co/KbXlnfpUtw,1623826128346513414,
"No Crossfire desta quinta-feira, Manuela Ferreira Leite e Bernardino Soares analisam o Dia da Indigna√ß√£o nacional, com manifesta√ß√µes em v√°rios setores um pouco por todo o pa√≠s. https://t.co/e7noQ9nYr2",1623825857205751808,
"Nossa equipe saiu de SC para o PR para continuar as pesquisas. \nEm SP estamos barrando por FLOOD 3 sites nos EUA que est√£o convocando manifesta√ß√µes contra nosso Presidente Lula. Coisa do Allan dos Santos.\nNossos agradecimentos aos Grupos amigos PIPI EN, Anonymous EU e DMKY EU .",1623825852214525952,
"Um dia antes dos ataques √†s sedes dos Tr√™s Poderes, o governador afastado do Distrito Federal, Ibaneis Rocha, disse para o presidente do Senado, Rodrigo Pacheco, que n√£o haveria problemas e que usaria todo o efetivo policial para conter as manifesta√ß√µes. https://t.co/70i73FKdEH",1623825815929585665,
Tudo que envolve essa gente que est√° no poder √© terrivelmente falso. https://t.co/tenhMaL2fM,1623825690054299649,
"Aprenda Brasil, como se faz manifesta√ß√µes contra reforma da previd√™ncia https://t.co/pw1hWTNhyY",1623825644755853312,
eu vejo psis rompendo com pcts por conta de manifesta√ß√µes de transfer√™ncia negativa e algo me diz que eu ia adorar fazer an√°lise deles,1623825596731072512,
"Atos antidemocr√°ticos n√£o s√£o maiores que a for√ßa das institui√ß√µes, da Constitui√ß√£o e da democracia. Hoje, 1/2/23, √© a abertura do ano judici√°rio e o plen√°rio do Supremo est√° pronto, como sempre, para debater temas relevantes para os brasileiros. #DemocraciaInabalada https://t.co/WRSzXh3okP",1623825534030340096,
@BrazilDasa @Damadeferroofic Nem usava tweeter antes das manifesta√ß√µes ü§≠,1623825508478685184,
"Pelos os v√≠deos que tem nas redes, foi tudo arma√ß√£o para criminalizar as manifesta√ß√µes. \nhttps://t.co/w6fsMCiBHy",1623825474211221504,
"Me ajudem a√≠‚Ä¶.. invas√£o de prefeituras √© um ato antidemocr√°tico tb????\n\nPq √© um poder executivo igual deo de Bras√≠lia, guardada as devidas propor√ß√µes. https://t.co/SW8Q8GWAlA",1623825175413227520,
"@CintiaPearce √â um crime que uma m√£e coloque a pr√≥pria filha em fanatismo pol√≠tico. Deixa de ser imbecil, uma crian√ßa n√£o merece passar por isso. Vcs s√£o todos terroristas mesmo, fazem oq fizeram em Bras√≠lia, matam, roubam e ainda usam as crian√ßas. De Jesus nunca teve nada.",1623825069645471750,
"Ibaneis n√£o foi conivente com invas√£o de 8 de janeiro em Bras√≠lia, aponta per√≠cia da PF https://t.co/fAUi1UnC5y",1623825029191372800,
Secom do Senado pro√≠be chamar v√¢ndalos de 8 de janeiro de 'manifestantes'. \n\nRevis√£o do Manual de Estilo recomenda classificar o epis√≥dio de 'atos antidemocr√°ticos' ou 'invas√µes'. (Folha),1623824898169733120,
"Bom dia, boa tarde ou boa noite! Saiu na @revistacult agorinha um pequeno artigo em parceria com @ombudsmanviktor em que argumentamos a dimens√£o pol√≠tica dos memes de Bom Dia!, que inundam os grupos do zap da fam√≠lia todos os dias.\nhttps://t.co/Vz5NyOYrQA\n üëá https://t.co/YGVll02zoM",1623824833061523457,
